Year,Mileage_Km,Engine_CC,Power_BHP,Service_Score,Previous_Owners,Accidents_Reported,Condition,Brand_Honda,Brand_Hyundai,Brand_Kia,Brand_Mahindra,Brand_Maruti,Brand_Renault,Brand_Skoda,Brand_Tata,Brand_Toyota,Brand_Volkswagen,Fuel_Type_CNG,Fuel_Type_Diesel,Fuel_Type_Electric,Fuel_Type_Petrol,Transmission_Automatic,Transmission_Manual,City_Ahmedabad,City_Bengaluru,City_Chandigarh,City_Delhi,City_Hyderabad,City_Jaipur,City_Kochi,City_Lucknow,City_Mumbai,City_Pune,Seller_Type_Certified Dealer,Seller_Type_Dealer,Seller_Type_Individual,Resale_Price_Lakh
1.2962197752664097,-1.4912697313210106,0.7990844127488875,1.5678272769747537,0.31637192918974394,0.4300629711636118,-0.4552492349026737,3.0,0.0,0.0,0.0,0.0,0.0,0.0,0.0,0.0,0.0,1.0,0.0,1.0,0.0,0.0,0.0,1.0,0.0,0.0,0.0,0.0,0.0,0.0,1.0,0.0,0.0,0.0,1.0,0.0,0.0,10.4
-0.8481289725098017,-0.17935041599979934,-0.8770568172420296,0.5423849991496514,-1.6247936613633032,2.763383346625761,-0.4552492349026737,2.0,0.0,0.0,0.0,0.0,0.0,0.0,0.0,0.0,1.0,0.0,0.0,1.0,0.0,0.0,0.0,1.0,0.0,0.0,0.0,0.0,0.0,1.0,0.0,0.0,0.0,0.0,1.0,0.0,0.0,2.28
0.9898842398698082,0.2213920311818885,-0.5147509768571897,-0.3591606538482529,1.3257780362773284,-0.7365972165674627,-0.4552492349026737,0.0,0.0,0.0,1.0,0.0,0.0,0.0,0.0,0.0,0.0,0.0,0.0,0.0,0.0,1.0,1.0,0.0,0.0,0.0,0.0,1.0,0.0,0.0,0.0,0.0,0.0,0.0,0.0,1.0,0.0,6.49
-1.7671355786996066,1.8147382656482387,0.2308363051979281,0.9088026768300865,1.6363645307658161,-0.7365972165674627,1.4478418290347326,3.0,0.0,0.0,1.0,0.0,0.0,0.0,0.0,0.0,0.0,0.0,0.0,0.0,0.0,1.0,0.0,1.0,0.0,0.0,0.0,0.0,0.0,0.0,1.0,0.0,0.0,0.0,1.0,0.0,0.0,1.4
0.9898842398698082,-0.13903627179147154,0.40245486116969437,0.3209527335010439,0.16107868194550018,0.4300629711636118,-0.4552492349026737,2.0,0.0,0.0,0.0,1.0,0.0,0.0,0.0,0.0,0.0,0.0,0.0,1.0,0.0,0.0,0.0,1.0,0.0,0.0,0.0,0.0,0.0,0.0,0.0,0.0,0.0,1.0,0.0,1.0,0.0,7.09
0.9898842398698082,-1.0833854487426353,0.83150125109911,0.7137313951872649,-0.38244768340935303,-0.7365972165674627,-0.4552492349026737,2.0,0.0,0.0,0.0,0.0,1.0,0.0,0.0,0.0,0.0,0.0,0.0,0.0,1.0,0.0,0.0,1.0,0.0,0.0,0.0,0.0,0.0,0.0,0.0,1.0,0.0,0.0,0.0,0.0,1.0,7.73
0.6835487044732065,0.13847504647980804,-0.5719571621811118,-0.30380258743610106,-0.6153875542757187,-0.7365972165674627,1.4478418290347326,2.0,0.0,0.0,0.0,1.0,0.0,0.0,0.0,0.0,0.0,0.0,0.0,1.0,0.0,0.0,1.0,0.0,0.0,0.0,0.0,1.0,0.0,0.0,0.0,0.0,0.0,0.0,0.0,1.0,0.0,5.3
-0.5417934371132,1.1437366342081237,-0.9762142051368279,-0.40397432665809,1.558717907143694,0.4300629711636118,-0.4552492349026737,1.0,0.0,0.0,0.0,0.0,0.0,0.0,1.0,0.0,0.0,0.0,0.0,0.0,0.0,1.0,1.0,0.0,0.0,0.0,0.0,0.0,0.0,1.0,0.0,0.0,0.0,0.0,1.0,0.0,0.0,2.66
-0.5417934371132,0.30039341501010947,0.24990503363923547,0.6768260175791642,1.092838165410963,2.763383346625761,-0.4552492349026737,2.0,0.0,1.0,0.0,0.0,0.0,0.0,0.0,0.0,0.0,0.0,1.0,0.0,0.0,0.0,0.0,1.0,0.0,0.0,0.0,0.0,0.0,1.0,0.0,0.0,0.0,0.0,1.0,0.0,0.0,3.37
-0.23545790171659844,-0.4920469928277316,0.04586963931724671,0.02570971263623255,0.7046050473003533,0.4300629711636118,1.4478418290347326,2.0,0.0,0.0,1.0,0.0,0.0,0.0,0.0,0.0,0.0,0.0,0.0,0.0,0.0,1.0,0.0,1.0,0.0,1.0,0.0,0.0,0.0,0.0,0.0,0.0,0.0,0.0,1.0,0.0,0.0,4.04
0.07087763368000322,-0.4849051574310443,0.6389070938419057,0.31831663510046465,-1.0036206723863281,-0.7365972165674627,3.350932892972139,2.0,0.0,0.0,0.0,0.0,0.0,0.0,0.0,0.0,0.0,1.0,0.0,0.0,0.0,1.0,0.0,1.0,1.0,0.0,0.0,0.0,0.0,0.0,0.0,0.0,0.0,0.0,1.0,0.0,0.0,4.94
1.6025553106630115,-0.3977416760066092,0.17363011987400603,0.09424827105127778,0.31637192918974394,0.4300629711636118,-0.4552492349026737,2.0,0.0,0.0,0.0,0.0,0.0,1.0,0.0,0.0,0.0,0.0,0.0,0.0,0.0,1.0,0.0,1.0,0.0,0.0,0.0,0.0,1.0,0.0,0.0,0.0,0.0,0.0,0.0,1.0,0.0,7.57
1.2962197752664097,-1.8326715230058985,0.6751376778803896,0.9377997592364518,-1.3918537904969375,-0.7365972165674627,-0.4552492349026737,3.0,0.0,0.0,0.0,0.0,0.0,0.0,0.0,0.0,1.0,0.0,1.0,0.0,0.0,0.0,0.0,1.0,0.0,0.0,0.0,0.0,0.0,0.0,0.0,0.0,1.0,0.0,0.0,0.0,1.0,9.3
0.9898842398698082,-1.2977508092594205,0.9192174019291238,0.6636455255762708,-0.5377409306535968,-0.7365972165674627,-0.4552492349026737,4.0,0.0,0.0,0.0,0.0,0.0,0.0,0.0,0.0,0.0,1.0,0.0,1.0,0.0,0.0,0.0,1.0,0.0,0.0,0.0,0.0,1.0,0.0,0.0,0.0,0.0,0.0,0.0,1.0,0.0,8.84
-0.23545790171659844,-0.021457946959522408,-0.613908364751988,0.365766406310881,1.092838165410963,1.5967231588946864,-0.4552492349026737,3.0,0.0,0.0,0.0,0.0,1.0,0.0,0.0,0.0,0.0,0.0,0.0,0.0,0.0,1.0,1.0,0.0,0.0,0.0,0.0,1.0,0.0,0.0,0.0,0.0,0.0,0.0,0.0,1.0,0.0,4.25
-1.7671355786996066,2.270712744874578,2.1434297678610563,1.4043891761388765,0.3940185528118658,-0.7365972165674627,-0.4552492349026737,3.0,0.0,0.0,0.0,0.0,0.0,0.0,0.0,0.0,0.0,1.0,0.0,0.0,0.0,1.0,0.0,1.0,0.0,0.0,0.0,0.0,0.0,0.0,1.0,0.0,0.0,0.0,0.0,1.0,0.0,1.2
-0.5417934371132,0.1387232183661794,0.5721665442973299,0.28141125749236384,0.005785434701256396,-0.7365972165674627,-0.4552492349026737,1.0,0.0,0.0,0.0,0.0,0.0,0.0,0.0,1.0,0.0,0.0,0.0,1.0,0.0,0.0,0.0,1.0,0.0,0.0,0.0,1.0,0.0,0.0,0.0,0.0,0.0,0.0,0.0,0.0,1.0,3.3
-0.5417934371132,-0.03855423246510601,0.3795723870401255,0.5344767039479159,-1.6247936613633032,-0.7365972165674627,-0.4552492349026737,4.0,0.0,0.0,0.0,0.0,0.0,0.0,0.0,0.0,0.0,1.0,0.0,0.0,0.0,1.0,1.0,0.0,0.0,0.0,0.0,0.0,0.0,1.0,0.0,0.0,0.0,0.0,0.0,0.0,1.0,5.46
-0.8481289725098017,0.11299606614568022,1.619039735725104,0.9193470704324014,0.937544918166719,-0.7365972165674627,3.350932892972139,3.0,0.0,0.0,0.0,0.0,0.0,0.0,0.0,1.0,0.0,0.0,0.0,1.0,0.0,0.0,0.0,1.0,0.0,0.0,0.0,0.0,0.0,0.0,1.0,0.0,0.0,0.0,0.0,0.0,1.0,2.87
-1.1544645079064033,0.84322805446643,-0.3240636924441161,-0.1087313057932794,-1.158913919630572,-0.7365972165674627,1.4478418290347326,2.0,0.0,0.0,1.0,0.0,0.0,0.0,0.0,0.0,0.0,0.0,0.0,0.0,0.0,1.0,0.0,1.0,0.0,1.0,0.0,0.0,0.0,0.0,0.0,0.0,0.0,0.0,0.0,0.0,1.0,1.2
-0.8481289725098017,0.2964502394822088,-0.3202499467558546,-0.1350922897990661,1.092838165410963,-0.7365972165674627,-0.4552492349026737,3.0,0.0,1.0,0.0,0.0,0.0,0.0,0.0,0.0,0.0,0.0,0.0,0.0,1.0,0.0,1.0,0.0,0.0,1.0,0.0,0.0,0.0,0.0,0.0,0.0,0.0,0.0,0.0,1.0,0.0,4.35
0.9898842398698082,-1.0442570146580819,0.31855245602794197,-0.591137313099176,0.005785434701256396,1.5967231588946864,-0.4552492349026737,2.0,0.0,0.0,0.0,0.0,0.0,0.0,0.0,1.0,0.0,0.0,0.0,1.0,0.0,0.0,0.0,1.0,0.0,1.0,0.0,0.0,0.0,0.0,0.0,0.0,0.0,0.0,1.0,0.0,0.0,6.85
-0.23545790171659844,0.5884934004332344,-1.3385200455216677,-0.4962377706783434,0.16107868194550018,0.4300629711636118,-0.4552492349026737,3.0,0.0,0.0,0.0,0.0,0.0,0.0,0.0,1.0,0.0,0.0,0.0,0.0,0.0,1.0,0.0,1.0,0.0,0.0,0.0,0.0,1.0,0.0,0.0,0.0,0.0,0.0,0.0,0.0,1.0,2.65
-1.7671355786996066,1.0424825045686028,0.41389609823447876,0.37631079991319577,-0.4600943070314749,-0.7365972165674627,-0.4552492349026737,2.0,0.0,0.0,0.0,0.0,1.0,0.0,0.0,0.0,0.0,0.0,0.0,1.0,0.0,0.0,1.0,0.0,0.0,0.0,0.0,0.0,1.0,0.0,0.0,0.0,0.0,0.0,0.0,0.0,1.0,1.2
1.2962197752664097,-1.1723688573337938,-0.03612589298037494,0.6715538207780064,1.1704847890330847,-0.7365972165674627,-0.4552492349026737,4.0,0.0,0.0,0.0,0.0,0.0,0.0,0.0,0.0,0.0,1.0,0.0,0.0,0.0,1.0,1.0,0.0,0.0,0.0,0.0,1.0,0.0,0.0,0.0,0.0,0.0,0.0,1.0,0.0,0.0,8.95
-0.8481289725098017,0.349145403355064,-0.009429673162544637,-0.6728563635171146,1.3257780362773284,1.5967231588946864,1.4478418290347326,0.0,0.0,0.0,1.0,0.0,0.0,0.0,0.0,0.0,0.0,0.0,0.0,0.0,0.0,1.0,1.0,0.0,1.0,0.0,0.0,0.0,0.0,0.0,0.0,0.0,0.0,0.0,0.0,1.0,0.0,2.09
-0.23545790171659844,0.6052863647443641,-0.4422898087802217,-1.8960060213856167,-1.158913919630572,0.4300629711636118,-0.4552492349026737,2.0,0.0,0.0,0.0,0.0,1.0,0.0,0.0,0.0,0.0,0.0,1.0,0.0,0.0,0.0,0.0,1.0,0.0,0.0,0.0,0.0,0.0,1.0,0.0,0.0,0.0,0.0,0.0,1.0,0.0,1.42
0.37721316907660485,-0.5837327175149339,0.28422874483358873,1.3595755033290386,-1.2365605432526938,1.5967231588946864,1.4478418290347326,3.0,0.0,0.0,0.0,1.0,0.0,0.0,0.0,0.0,0.0,0.0,0.0,0.0,0.0,1.0,1.0,0.0,0.0,0.0,0.0,0.0,0.0,0.0,0.0,1.0,0.0,0.0,0.0,0.0,1.0,3.59
-0.8481289725098017,1.2557173042696963,1.106090940653936,-0.6412231827101705,-1.2365605432526938,-0.7365972165674627,-0.4552492349026737,2.0,0.0,0.0,0.0,0.0,0.0,0.0,0.0,0.0,1.0,0.0,0.0,0.0,0.0,1.0,1.0,0.0,0.0,1.0,0.0,0.0,0.0,0.0,0.0,0.0,0.0,0.0,0.0,1.0,0.0,2.17
-0.5417934371132,0.6533765613923282,0.2346500508861896,-0.24053622582221285,-1.3918537904969375,-0.7365972165674627,-0.4552492349026737,2.0,0.0,0.0,0.0,0.0,0.0,0.0,1.0,0.0,0.0,0.0,0.0,1.0,0.0,0.0,0.0,1.0,0.0,0.0,0.0,0.0,1.0,0.0,0.0,0.0,0.0,0.0,0.0,0.0,1.0,3.9
-0.23545790171659844,1.1929022423636972,-0.22109255886105636,-0.3512523586465166,-1.0036206723863281,-0.7365972165674627,-0.4552492349026737,2.0,0.0,0.0,0.0,0.0,0.0,0.0,1.0,0.0,0.0,0.0,0.0,0.0,0.0,1.0,0.0,1.0,0.0,0.0,0.0,0.0,0.0,1.0,0.0,0.0,0.0,0.0,1.0,0.0,0.0,3.99
0.37721316907660485,-0.5218000445382553,-1.4071674679103743,-0.6227704939061198,-1.2365605432526938,0.4300629711636118,-0.4552492349026737,3.0,0.0,0.0,0.0,0.0,0.0,0.0,1.0,0.0,0.0,0.0,0.0,0.0,0.0,1.0,1.0,0.0,0.0,0.0,1.0,0.0,0.0,0.0,0.0,0.0,0.0,0.0,0.0,1.0,0.0,3.87
-1.1544645079064033,1.147652235081983,-0.5547953065839352,1.8815229866436154,0.08343205832337829,-0.7365972165674627,-0.4552492349026737,2.0,0.0,1.0,0.0,0.0,0.0,0.0,0.0,0.0,0.0,0.0,0.0,0.0,0.0,1.0,1.0,0.0,0.0,0.0,0.0,0.0,0.0,0.0,0.0,0.0,0.0,1.0,0.0,1.0,0.0,2.77
-0.23545790171659844,0.004158906644811727,-0.6539526944787335,-0.14563668340138092,0.937544918166719,0.4300629711636118,-0.4552492349026737,2.0,0.0,1.0,0.0,0.0,0.0,0.0,0.0,0.0,0.0,0.0,0.0,1.0,0.0,0.0,0.0,1.0,0.0,0.0,0.0,0.0,0.0,0.0,0.0,0.0,1.0,0.0,0.0,1.0,0.0,5.3
-1.7671355786996066,1.4298512445402776,0.18507135693879045,0.579290376757753,-1.08126729600845,-0.7365972165674627,-0.4552492349026737,2.0,1.0,0.0,0.0,0.0,0.0,0.0,0.0,0.0,0.0,0.0,0.0,0.0,0.0,1.0,0.0,1.0,0.0,0.0,0.0,0.0,0.0,0.0,1.0,0.0,0.0,0.0,0.0,1.0,0.0,1.2
0.6835487044732065,-1.204989673064609,-1.2927550972625301,-0.6754924619176932,1.3257780362773284,0.4300629711636118,3.350932892972139,3.0,0.0,0.0,0.0,0.0,0.0,0.0,1.0,0.0,0.0,0.0,0.0,0.0,0.0,1.0,1.0,0.0,0.0,0.0,0.0,0.0,0.0,0.0,0.0,0.0,0.0,1.0,0.0,0.0,1.0,5.77
-1.460800043303005,5.750358338341665,5.457574770960276,-2.085805106227281,1.4810712835215722,0.4300629711636118,1.4478418290347326,2.0,1.0,0.0,0.0,0.0,0.0,0.0,0.0,0.0,0.0,0.0,0.0,0.0,0.0,1.0,0.0,1.0,0.0,0.0,0.0,0.0,0.0,0.0,0.0,0.0,1.0,0.0,0.0,0.0,1.0,12.5
1.6025553106630115,-1.6670030015259851,-1.4071674679103743,-0.4751489834737145,0.5493118000561096,1.5967231588946864,-0.4552492349026737,3.0,1.0,0.0,0.0,0.0,0.0,0.0,0.0,0.0,0.0,0.0,0.0,1.0,0.0,0.0,0.0,1.0,0.0,0.0,0.0,0.0,0.0,0.0,0.0,0.0,0.0,1.0,1.0,0.0,0.0,9.72
1.6025553106630115,-1.2635858129022948,0.6732308050362589,-0.08237032178749272,1.2481314126552066,-0.7365972165674627,-0.4552492349026737,3.0,0.0,0.0,0.0,0.0,0.0,1.0,0.0,0.0,0.0,0.0,0.0,1.0,0.0,0.0,0.0,1.0,0.0,0.0,0.0,0.0,0.0,0.0,0.0,1.0,0.0,0.0,0.0,0.0,1.0,9.06
-0.5417934371132,0.0925632475011037,0.3299936930927264,1.0959656632711718,0.23872530556762206,-0.7365972165674627,1.4478418290347326,4.0,0.0,0.0,0.0,0.0,0.0,0.0,0.0,0.0,0.0,1.0,0.0,1.0,0.0,0.0,0.0,1.0,0.0,0.0,0.0,1.0,0.0,0.0,0.0,0.0,0.0,0.0,0.0,0.0,1.0,5.34
0.07087763368000322,0.41926774858199806,-0.03803276582450568,-0.48305727867545006,0.7046050473003533,0.4300629711636118,-0.4552492349026737,3.0,0.0,0.0,0.0,0.0,0.0,0.0,0.0,1.0,0.0,0.0,0.0,1.0,0.0,0.0,1.0,0.0,0.0,0.0,0.0,0.0,0.0,1.0,0.0,0.0,0.0,0.0,0.0,1.0,0.0,6.18
-1.7671355786996066,1.228721717963299,-0.6653939315435179,-0.3670689490499892,-1.2365605432526938,1.5967231588946864,-0.4552492349026737,2.0,0.0,0.0,0.0,0.0,0.0,0.0,0.0,0.0,0.0,1.0,0.0,1.0,0.0,0.0,0.0,1.0,0.0,0.0,0.0,1.0,0.0,0.0,0.0,0.0,0.0,0.0,0.0,1.0,0.0,1.2
-0.8481289725098017,0.7092428104799289,1.228130802678303,0.7901782488040465,0.7822516709224753,-0.7365972165674627,3.350932892972139,3.0,1.0,0.0,0.0,0.0,0.0,0.0,0.0,0.0,0.0,0.0,0.0,0.0,0.0,1.0,0.0,1.0,0.0,0.0,0.0,1.0,0.0,0.0,0.0,0.0,0.0,0.0,0.0,1.0,0.0,3.94
0.37721316907660485,-1.2478958347528155,-0.05710149426581304,0.31831663510046465,-0.9259740487642062,1.5967231588946864,-0.4552492349026737,4.0,0.0,0.0,0.0,0.0,0.0,0.0,1.0,0.0,0.0,0.0,0.0,0.0,0.0,1.0,0.0,1.0,0.0,0.0,0.0,0.0,0.0,0.0,0.0,0.0,0.0,1.0,0.0,0.0,1.0,7.39
-1.1544645079064033,0.6069132693327987,0.419616716766871,1.4808360297556582,-1.2365605432526938,0.4300629711636118,-0.4552492349026737,4.0,0.0,1.0,0.0,0.0,0.0,0.0,0.0,0.0,0.0,0.0,0.0,0.0,0.0,1.0,0.0,1.0,0.0,0.0,0.0,0.0,0.0,0.0,1.0,0.0,0.0,0.0,0.0,1.0,0.0,2.62
0.07087763368000322,-0.24558473500691516,-0.04566025720102863,0.5318406055473374,0.16107868194550018,-0.7365972165674627,-0.4552492349026737,2.0,0.0,0.0,0.0,1.0,0.0,0.0,0.0,0.0,0.0,0.0,0.0,1.0,0.0,0.0,0.0,1.0,0.0,0.0,1.0,0.0,0.0,0.0,0.0,0.0,0.0,0.0,1.0,0.0,0.0,5.96
0.37721316907660485,-0.9827655361460634,0.11070331601769173,-0.7993890867448906,1.0151915417888409,-0.7365972165674627,-0.4552492349026737,2.0,0.0,0.0,0.0,0.0,0.0,0.0,1.0,0.0,0.0,0.0,0.0,0.0,0.0,1.0,0.0,1.0,0.0,0.0,0.0,0.0,0.0,0.0,0.0,1.0,0.0,0.0,1.0,0.0,0.0,6.22
-0.23545790171659844,0.03377408508512912,-0.9437973667866053,-1.8960060213856167,0.23872530556762206,0.4300629711636118,3.350932892972139,3.0,0.0,0.0,0.0,0.0,0.0,0.0,0.0,0.0,1.0,0.0,0.0,0.0,1.0,0.0,1.0,0.0,0.0,0.0,0.0,0.0,0.0,1.0,0.0,0.0,0.0,0.0,1.0,0.0,0.0,4.86
0.07087763368000322,-0.08374909043873749,0.24799816079510476,0.574018179956596,-1.4695004141190595,-0.7365972165674627,-0.4552492349026737,3.0,0.0,0.0,0.0,0.0,1.0,0.0,0.0,0.0,0.0,0.0,0.0,0.0,0.0,1.0,1.0,0.0,0.0,0.0,0.0,0.0,0.0,0.0,0.0,1.0,0.0,0.0,0.0,1.0,0.0,3.24
-0.8481289725098017,-0.1949300955331134,-0.43847606309196024,0.46593814553287066,-1.08126729600845,0.4300629711636118,-0.4552492349026737,2.0,0.0,0.0,0.0,0.0,0.0,0.0,0.0,0.0,0.0,1.0,0.0,0.0,0.0,1.0,0.0,1.0,0.0,0.0,0.0,1.0,0.0,0.0,0.0,0.0,0.0,0.0,0.0,1.0,0.0,1.92
1.6025553106630115,-0.5945419818991095,0.5302153417264537,-0.1350922897990661,0.005785434701256396,-0.7365972165674627,-0.4552492349026737,3.0,0.0,0.0,0.0,0.0,1.0,0.0,0.0,0.0,0.0,0.0,0.0,0.0,0.0,1.0,1.0,0.0,0.0,0.0,0.0,0.0,0.0,0.0,0.0,1.0,0.0,0.0,0.0,0.0,1.0,7.84
-0.5417934371132,-0.01547424703256815,0.8696387079817247,0.7822699536023109,-0.22715443616510927,0.4300629711636118,1.4478418290347326,3.0,0.0,0.0,0.0,0.0,0.0,1.0,0.0,0.0,0.0,0.0,0.0,1.0,0.0,0.0,0.0,1.0,0.0,0.0,0.0,0.0,0.0,0.0,0.0,0.0,1.0,0.0,0.0,1.0,0.0,3.46
-1.1544645079064033,0.7637854761735489,-1.1497396339527248,-0.2616250130268425,1.6363645307658161,1.5967231588946864,-0.4552492349026737,2.0,1.0,0.0,0.0,0.0,0.0,0.0,0.0,0.0,0.0,0.0,0.0,1.0,0.0,0.0,0.0,1.0,0.0,1.0,0.0,0.0,0.0,0.0,0.0,0.0,0.0,0.0,0.0,0.0,1.0,1.87
0.07087763368000322,0.6524665978089665,-1.2183870563414314,-1.1104486980131736,0.23872530556762206,0.4300629711636118,-0.4552492349026737,4.0,0.0,1.0,0.0,0.0,0.0,0.0,0.0,0.0,0.0,0.0,0.0,1.0,0.0,0.0,1.0,0.0,0.0,0.0,0.0,0.0,1.0,0.0,0.0,0.0,0.0,0.0,0.0,0.0,1.0,4.32
-1.460800043303005,1.1692431891962929,1.2834301151580945,0.12060925505706448,1.558717907143694,-0.7365972165674627,3.350932892972139,3.0,0.0,0.0,0.0,0.0,0.0,0.0,1.0,0.0,0.0,0.0,0.0,1.0,0.0,0.0,0.0,1.0,0.0,0.0,0.0,0.0,0.0,1.0,0.0,0.0,0.0,0.0,0.0,1.0,0.0,1.73
0.07087763368000322,-1.0123531399323396,-1.1230434141348946,-0.38024944105288255,0.4716651764339877,-0.7365972165674627,-0.4552492349026737,2.0,0.0,0.0,0.0,0.0,0.0,0.0,0.0,1.0,0.0,0.0,0.0,0.0,0.0,1.0,0.0,1.0,0.0,0.0,0.0,0.0,0.0,0.0,0.0,0.0,0.0,1.0,0.0,1.0,0.0,4.28
1.2962197752664097,-0.7003459294554389,0.5836077813621143,-0.0059234681707111755,-1.5471470377411813,-0.7365972165674627,-0.4552492349026737,2.0,0.0,0.0,0.0,0.0,0.0,1.0,0.0,0.0,0.0,0.0,0.0,0.0,0.0,1.0,0.0,1.0,0.0,0.0,0.0,0.0,0.0,0.0,1.0,0.0,0.0,0.0,0.0,1.0,0.0,7.95
1.6025553106630115,2.7171463938026403,1.2624545138726564,1.552010686571282,1.558717907143694,-0.7365972165674627,-0.4552492349026737,2.0,0.0,0.0,0.0,0.0,0.0,0.0,0.0,0.0,1.0,0.0,0.0,1.0,0.0,0.0,0.0,1.0,0.0,0.0,0.0,0.0,0.0,0.0,0.0,0.0,0.0,1.0,0.0,0.0,1.0,12.8
0.07087763368000322,-0.22426952743301817,0.7018338976982199,0.5766542783571744,-0.14950781254298737,0.4300629711636118,-0.4552492349026737,2.0,0.0,0.0,0.0,0.0,0.0,0.0,0.0,1.0,0.0,0.0,0.0,0.0,0.0,1.0,0.0,1.0,0.0,0.0,0.0,0.0,0.0,1.0,0.0,0.0,0.0,0.0,0.0,1.0,0.0,4.45
-0.23545790171659844,-0.2521199280146947,-0.42322108033891437,-0.6174982971049624,1.2481314126552066,2.763383346625761,1.4478418290347326,4.0,0.0,0.0,0.0,0.0,0.0,1.0,0.0,0.0,0.0,0.0,0.0,0.0,0.0,1.0,1.0,0.0,0.0,1.0,0.0,0.0,0.0,0.0,0.0,0.0,0.0,0.0,0.0,1.0,0.0,3.69
0.9898842398698082,-1.2811784421806212,0.8810799450465091,-0.82047787394952,0.08343205832337829,-0.7365972165674627,-0.4552492349026737,2.0,0.0,1.0,0.0,0.0,0.0,0.0,0.0,0.0,0.0,0.0,0.0,1.0,0.0,0.0,0.0,1.0,0.0,0.0,0.0,0.0,0.0,0.0,0.0,0.0,1.0,0.0,0.0,0.0,1.0,28.5
1.2962197752664097,-0.8034751355697658,-0.7035313884261326,-1.1262652884166453,-1.5471470377411813,1.5967231588946864,1.4478418290347326,3.0,0.0,0.0,0.0,1.0,0.0,0.0,0.0,0.0,0.0,0.0,0.0,0.0,0.0,1.0,1.0,0.0,0.0,0.0,0.0,0.0,0.0,0.0,1.0,0.0,0.0,0.0,0.0,0.0,1.0,7.43
0.37721316907660485,-0.3778879250968992,0.5664459257649377,-0.93910230197556,1.6363645307658161,0.4300629711636118,-0.4552492349026737,2.0,0.0,1.0,0.0,0.0,0.0,0.0,0.0,0.0,0.0,0.0,0.0,0.0,0.0,1.0,1.0,0.0,0.0,0.0,0.0,0.0,1.0,0.0,0.0,0.0,0.0,0.0,0.0,1.0,0.0,5.11
0.9898842398698082,-1.0246514356347434,0.43868544520817837,0.7901782488040465,-0.30480105978723115,-0.7365972165674627,-0.4552492349026737,3.0,0.0,0.0,0.0,0.0,0.0,0.0,0.0,0.0,0.0,1.0,0.0,0.0,0.0,1.0,1.0,0.0,1.0,0.0,0.0,0.0,0.0,0.0,0.0,0.0,0.0,0.0,0.0,0.0,1.0,6.97
0.37721316907660485,-0.5479408165693734,0.22892943235379737,-0.2668972098279995,0.3940185528118658,1.5967231588946864,-0.4552492349026737,4.0,0.0,0.0,0.0,0.0,0.0,0.0,0.0,1.0,0.0,0.0,1.0,0.0,0.0,0.0,0.0,1.0,0.0,0.0,0.0,0.0,0.0,0.0,1.0,0.0,0.0,0.0,1.0,0.0,0.0,6.92
0.37721316907660485,-0.6834150918741029,0.09544833326464586,-0.2194474386175832,0.7046050473003533,-0.7365972165674627,-0.4552492349026737,2.0,0.0,0.0,1.0,0.0,0.0,0.0,0.0,0.0,0.0,0.0,0.0,0.0,0.0,1.0,0.0,1.0,0.0,0.0,0.0,0.0,1.0,0.0,0.0,0.0,0.0,0.0,0.0,1.0,0.0,5.27
0.6835487044732065,0.3070113319800128,-0.1810482291343109,-1.3266087668606243,-0.9259740487642062,2.763383346625761,-0.4552492349026737,3.0,0.0,0.0,0.0,0.0,0.0,0.0,0.0,1.0,0.0,0.0,0.0,0.0,0.0,1.0,0.0,1.0,0.0,1.0,0.0,0.0,0.0,0.0,0.0,0.0,0.0,0.0,1.0,0.0,0.0,5.15
0.9898842398698082,-0.5470860022940943,-0.404152351897607,-0.013831763372447481,0.08343205832337829,-0.7365972165674627,-0.4552492349026737,3.0,0.0,0.0,0.0,0.0,0.0,0.0,0.0,0.0,0.0,1.0,0.0,0.0,0.0,1.0,1.0,0.0,0.0,0.0,0.0,0.0,0.0,0.0,0.0,0.0,1.0,0.0,0.0,0.0,1.0,8.56
1.2962197752664097,-1.6063387626352046,0.09735520610877658,-0.9496466955778748,1.558717907143694,-0.7365972165674627,-0.4552492349026737,3.0,0.0,0.0,0.0,0.0,0.0,0.0,1.0,0.0,0.0,0.0,0.0,0.0,0.0,1.0,1.0,0.0,0.0,0.0,0.0,1.0,0.0,0.0,0.0,0.0,0.0,0.0,0.0,0.0,1.0,8.31
-0.8481289725098017,0.7974265541038907,1.0641397380830597,0.7954504456052043,1.4810712835215722,-0.7365972165674627,-0.4552492349026737,4.0,0.0,0.0,0.0,1.0,0.0,0.0,0.0,0.0,0.0,0.0,0.0,1.0,0.0,0.0,1.0,0.0,0.0,0.0,0.0,1.0,0.0,0.0,0.0,0.0,0.0,0.0,0.0,0.0,1.0,3.36
-1.1544645079064033,-0.01817656312861201,-0.3869904963004304,-0.733486626730424,1.2481314126552066,-0.7365972165674627,1.4478418290347326,4.0,0.0,0.0,0.0,0.0,0.0,0.0,0.0,1.0,0.0,0.0,0.0,0.0,0.0,1.0,1.0,0.0,1.0,0.0,0.0,0.0,0.0,0.0,0.0,0.0,0.0,0.0,0.0,1.0,0.0,2.27
-1.460800043303005,0.8548094091637609,0.9878648243178304,0.08370387744896371,-0.6153875542757187,-0.7365972165674627,-0.4552492349026737,1.0,0.0,0.0,0.0,0.0,0.0,0.0,0.0,1.0,0.0,0.0,0.0,0.0,0.0,1.0,0.0,1.0,0.0,0.0,0.0,0.0,0.0,0.0,0.0,1.0,0.0,0.0,0.0,1.0,0.0,1.2
0.37721316907660485,-0.19796330747765245,-0.3602942764826001,0.2840473558929424,-0.4600943070314749,-0.7365972165674627,-0.4552492349026737,3.0,0.0,0.0,0.0,0.0,0.0,0.0,0.0,1.0,0.0,0.0,0.0,1.0,0.0,0.0,0.0,1.0,0.0,1.0,0.0,0.0,0.0,0.0,0.0,0.0,0.0,0.0,1.0,0.0,0.0,6.23
-1.460800043303005,0.7736296276662801,-1.2679657502888304,0.17333122306863785,0.7046050473003533,-0.7365972165674627,-0.4552492349026737,2.0,0.0,0.0,0.0,1.0,0.0,0.0,0.0,0.0,0.0,0.0,0.0,1.0,0.0,0.0,1.0,0.0,0.0,0.0,0.0,0.0,0.0,1.0,0.0,0.0,0.0,0.0,0.0,0.0,1.0,1.67
-1.1544645079064033,0.7407330653950522,0.6656033136597359,-0.39342993305577595,0.08343205832337829,0.4300629711636118,-0.4552492349026737,3.0,0.0,0.0,0.0,0.0,0.0,0.0,0.0,0.0,1.0,0.0,0.0,0.0,0.0,1.0,1.0,0.0,0.0,0.0,0.0,1.0,0.0,0.0,0.0,0.0,0.0,0.0,0.0,0.0,1.0,2.69
-1.7671355786996066,0.8317845730393055,-0.4575447915332676,-0.5278709514852878,1.6363645307658161,-0.7365972165674627,1.4478418290347326,4.0,0.0,0.0,0.0,0.0,1.0,0.0,0.0,0.0,0.0,0.0,0.0,0.0,0.0,1.0,1.0,0.0,0.0,0.0,0.0,1.0,0.0,0.0,0.0,0.0,0.0,0.0,0.0,0.0,1.0,1.2
-1.7671355786996066,0.8287789357488078,0.4691954107142701,-1.455777588488979,1.2481314126552066,0.4300629711636118,-0.4552492349026737,1.0,1.0,0.0,0.0,0.0,0.0,0.0,0.0,0.0,0.0,0.0,0.0,1.0,0.0,0.0,1.0,0.0,0.0,0.0,0.0,0.0,1.0,0.0,0.0,0.0,0.0,0.0,0.0,0.0,1.0,1.2
0.6835487044732065,-1.9374552083627012,5.457574770960276,6.296987807612886,-0.6153875542757187,-0.7365972165674627,-0.4552492349026737,2.0,0.0,0.0,0.0,0.0,0.0,0.0,1.0,0.0,0.0,0.0,0.0,0.0,0.0,1.0,1.0,0.0,0.0,0.0,0.0,0.0,1.0,0.0,0.0,0.0,0.0,0.0,0.0,0.0,1.0,22.5
-0.8481289725098017,1.4498428687201939,-0.18867572051083384,0.13115364865937928,0.7046050473003533,-0.7365972165674627,-0.4552492349026737,3.0,0.0,1.0,0.0,0.0,0.0,0.0,0.0,0.0,0.0,0.0,0.0,0.0,0.0,1.0,1.0,0.0,1.0,0.0,0.0,0.0,0.0,0.0,0.0,0.0,0.0,0.0,0.0,0.0,1.0,2.74
0.37721316907660485,0.6156820093179206,-0.20583757610801046,-1.9039143165873527,0.23872530556762206,0.4300629711636118,-0.4552492349026737,4.0,0.0,0.0,0.0,0.0,0.0,1.0,0.0,0.0,0.0,0.0,0.0,1.0,0.0,0.0,1.0,0.0,0.0,0.0,0.0,0.0,0.0,0.0,1.0,0.0,0.0,0.0,0.0,0.0,1.0,5.57
-1.1544645079064033,1.0586136771827421,0.867731835137594,-0.646495379511328,-0.6930341778978406,0.4300629711636118,-0.4552492349026737,3.0,0.0,0.0,0.0,0.0,0.0,0.0,0.0,1.0,0.0,0.0,0.0,1.0,0.0,0.0,0.0,1.0,1.0,0.0,0.0,0.0,0.0,0.0,0.0,0.0,0.0,0.0,0.0,0.0,1.0,1.34
1.2962197752664097,-1.2528316978262017,1.1251596690952435,0.48439083433692104,0.08343205832337829,-0.7365972165674627,-0.4552492349026737,3.0,0.0,0.0,0.0,0.0,0.0,0.0,0.0,0.0,0.0,1.0,0.0,1.0,0.0,0.0,0.0,1.0,0.0,0.0,0.0,0.0,0.0,0.0,0.0,0.0,1.0,0.0,0.0,0.0,1.0,10.11
0.6835487044732065,-0.6508770001054115,0.7704813200869265,0.8139031344092547,-1.08126729600845,-0.7365972165674627,1.4478418290347326,2.0,0.0,0.0,1.0,0.0,0.0,0.0,0.0,0.0,0.0,0.0,0.0,0.0,0.0,1.0,0.0,1.0,0.0,1.0,0.0,0.0,0.0,0.0,0.0,0.0,0.0,0.0,0.0,0.0,1.0,5.4
-1.460800043303005,1.5388262773113524,-0.15244513647234983,0.9878856288474466,0.005785434701256396,-0.7365972165674627,-0.4552492349026737,2.0,0.0,0.0,1.0,0.0,0.0,0.0,0.0,0.0,0.0,0.0,0.0,0.0,0.0,1.0,1.0,0.0,0.0,0.0,0.0,1.0,0.0,0.0,0.0,0.0,0.0,0.0,0.0,0.0,1.0,1.84
-0.23545790171659844,-0.9655865266783561,0.5893283998945065,-0.5621402306928102,0.7046050473003533,-0.7365972165674627,-0.4552492349026737,0.0,0.0,0.0,1.0,0.0,0.0,0.0,0.0,0.0,0.0,0.0,0.0,1.0,0.0,0.0,0.0,1.0,0.0,0.0,0.0,0.0,1.0,0.0,0.0,0.0,0.0,0.0,0.0,1.0,0.0,4.6
-1.460800043303005,0.6668054179104238,-0.8999392913715984,-1.2079843388345843,0.7046050473003533,1.5967231588946864,-0.4552492349026737,0.0,0.0,0.0,1.0,0.0,0.0,0.0,0.0,0.0,0.0,0.0,0.0,0.0,0.0,1.0,1.0,0.0,1.0,0.0,0.0,0.0,0.0,0.0,0.0,0.0,0.0,0.0,0.0,0.0,1.0,1.2
1.2962197752664097,-1.143332746628343,1.1022771949656744,0.2682307654894705,0.08343205832337829,0.4300629711636118,-0.4552492349026737,4.0,0.0,0.0,0.0,0.0,1.0,0.0,0.0,0.0,0.0,0.0,0.0,0.0,1.0,0.0,1.0,0.0,0.0,0.0,1.0,0.0,0.0,0.0,0.0,0.0,0.0,0.0,0.0,0.0,1.0,8.81
0.9898842398698082,0.04474879739355214,0.15456139143269867,0.6689177223774279,0.7046050473003533,-0.7365972165674627,-0.4552492349026737,3.0,0.0,0.0,0.0,1.0,0.0,0.0,0.0,0.0,0.0,0.0,1.0,0.0,0.0,0.0,0.0,1.0,0.0,0.0,0.0,0.0,1.0,0.0,0.0,0.0,0.0,0.0,1.0,0.0,0.0,8.42
-1.1544645079064033,1.641514288961019,0.4672885378701394,0.015165319033917725,0.7822516709224753,-0.7365972165674627,-0.4552492349026737,1.0,0.0,0.0,0.0,0.0,0.0,0.0,1.0,0.0,0.0,0.0,0.0,0.0,0.0,1.0,0.0,1.0,0.0,0.0,0.0,0.0,0.0,0.0,1.0,0.0,0.0,0.0,0.0,0.0,1.0,1.82
-0.5417934371132,0.5524533276013025,-1.105881558537718,-0.5278709514852878,1.3257780362773284,0.4300629711636118,-0.4552492349026737,3.0,0.0,0.0,0.0,0.0,1.0,0.0,0.0,0.0,0.0,0.0,0.0,0.0,0.0,1.0,0.0,1.0,0.0,0.0,0.0,0.0,0.0,0.0,0.0,0.0,1.0,0.0,0.0,1.0,0.0,3.36
-0.5417934371132,0.9985560806808694,0.823873759722587,0.5977430655618041,-1.3918537904969375,1.5967231588946864,-0.4552492349026737,2.0,0.0,1.0,0.0,0.0,0.0,0.0,0.0,0.0,0.0,0.0,0.0,0.0,0.0,1.0,1.0,0.0,0.0,0.0,1.0,0.0,0.0,0.0,0.0,0.0,0.0,0.0,0.0,1.0,0.0,2.86
0.6835487044732065,-0.1360306345009738,-1.0238860262400962,0.6425567383716412,0.4716651764339877,-0.7365972165674627,-0.4552492349026737,2.0,0.0,0.0,0.0,0.0,1.0,0.0,0.0,0.0,0.0,0.0,0.0,0.0,0.0,1.0,0.0,1.0,0.0,0.0,0.0,0.0,0.0,0.0,1.0,0.0,0.0,0.0,0.0,0.0,1.0,5.43
0.07087763368000322,0.40048940917989734,0.35478304006642597,-0.03228445217649786,-1.5471470377411813,-0.7365972165674627,-0.4552492349026737,2.0,0.0,0.0,0.0,0.0,0.0,1.0,0.0,0.0,0.0,0.0,0.0,0.0,0.0,1.0,1.0,0.0,0.0,1.0,0.0,0.0,0.0,0.0,0.0,0.0,0.0,0.0,0.0,0.0,1.0,4.25
-1.460800043303005,1.1505199991022745,-0.9342630025659516,-0.6412231827101705,-1.4695004141190595,0.4300629711636118,-0.4552492349026737,3.0,0.0,1.0,0.0,0.0,0.0,0.0,0.0,0.0,0.0,0.0,1.0,0.0,0.0,0.0,0.0,1.0,0.0,0.0,0.0,0.0,0.0,0.0,0.0,0.0,0.0,1.0,0.0,0.0,1.0,1.2
0.37721316907660485,-0.767021442927215,0.20604695822422855,0.9167109720318228,1.0151915417888409,0.4300629711636118,-0.4552492349026737,3.0,0.0,0.0,0.0,0.0,0.0,0.0,0.0,0.0,0.0,1.0,0.0,1.0,0.0,0.0,1.0,0.0,0.0,0.0,0.0,0.0,1.0,0.0,0.0,0.0,0.0,0.0,0.0,0.0,1.0,7.3
0.07087763368000322,-0.804026628650591,0.6636964408156052,1.65481852419385,-0.9259740487642062,-0.7365972165674627,-0.4552492349026737,4.0,0.0,1.0,0.0,0.0,0.0,0.0,0.0,0.0,0.0,0.0,0.0,0.0,0.0,1.0,0.0,1.0,0.0,1.0,0.0,0.0,0.0,0.0,0.0,0.0,0.0,0.0,0.0,0.0,1.0,5.84
0.37721316907660485,-0.2749241669068199,1.3253813177289706,0.44748545672881956,-1.7024402849854252,-0.7365972165674627,-0.4552492349026737,2.0,0.0,0.0,0.0,0.0,0.0,0.0,1.0,0.0,0.0,0.0,0.0,0.0,0.0,1.0,0.0,1.0,0.0,1.0,0.0,0.0,0.0,0.0,0.0,0.0,0.0,0.0,0.0,0.0,1.0,4.73
1.6025553106630115,-0.9205571166289722,0.07637960482333848,0.8402641184150413,-1.2365605432526938,1.5967231588946864,-0.4552492349026737,2.0,0.0,0.0,0.0,1.0,0.0,0.0,0.0,0.0,0.0,0.0,0.0,1.0,0.0,0.0,0.0,1.0,0.0,1.0,0.0,0.0,0.0,0.0,0.0,0.0,0.0,0.0,0.0,1.0,0.0,7.99
1.6025553106630115,-1.8326715230058985,-1.0582097374344495,-1.3793307348721977,1.0151915417888409,-0.7365972165674627,-0.4552492349026737,2.0,0.0,0.0,0.0,0.0,0.0,0.0,0.0,0.0,0.0,1.0,0.0,0.0,0.0,1.0,1.0,0.0,0.0,0.0,0.0,0.0,0.0,0.0,0.0,0.0,0.0,1.0,1.0,0.0,0.0,9.18
0.37721316907660485,0.008543276637372683,-0.0971458239925585,0.4237605711236114,0.31637192918974394,0.4300629711636118,-0.4552492349026737,3.0,1.0,0.0,0.0,0.0,0.0,0.0,0.0,0.0,0.0,0.0,0.0,0.0,0.0,1.0,0.0,1.0,0.0,0.0,0.0,1.0,0.0,0.0,0.0,0.0,0.0,0.0,0.0,1.0,0.0,7.11
0.6835487044732065,0.22004087313386658,-0.3641080221708616,-1.0445462379987067,1.2481314126552066,-0.7365972165674627,-0.4552492349026737,2.0,0.0,0.0,0.0,0.0,0.0,0.0,0.0,1.0,0.0,0.0,0.0,0.0,0.0,1.0,0.0,1.0,0.0,0.0,0.0,0.0,0.0,0.0,0.0,1.0,0.0,0.0,0.0,1.0,0.0,6.14
-1.1544645079064033,1.1700704288175308,-0.5891190177782885,0.02307361423565403,0.16107868194550018,-0.7365972165674627,-0.4552492349026737,2.0,0.0,0.0,0.0,0.0,0.0,1.0,0.0,0.0,0.0,0.0,0.0,0.0,0.0,1.0,0.0,1.0,0.0,0.0,0.0,1.0,0.0,0.0,0.0,0.0,0.0,0.0,0.0,0.0,1.0,1.22
0.07087763368000322,-0.9013375827622112,1.0736741023037135,1.2277705833001054,-1.6247936613633032,2.763383346625761,-0.4552492349026737,0.0,0.0,0.0,0.0,0.0,0.0,0.0,1.0,0.0,0.0,0.0,0.0,1.0,0.0,0.0,0.0,1.0,0.0,0.0,0.0,0.0,0.0,0.0,0.0,0.0,1.0,0.0,0.0,0.0,1.0,4.21
-1.1544645079064033,0.8733947259875727,-0.5719571621811118,0.7084591983861079,1.2481314126552066,-0.7365972165674627,-0.4552492349026737,0.0,0.0,0.0,1.0,0.0,0.0,0.0,0.0,0.0,0.0,0.0,0.0,0.0,0.0,1.0,0.0,1.0,1.0,0.0,0.0,0.0,0.0,0.0,0.0,0.0,0.0,0.0,0.0,0.0,1.0,2.73
-0.5417934371132,0.24196272309667136,-1.4071674679103743,-2.489128161515817,0.8598982945445971,0.4300629711636118,-0.4552492349026737,4.0,0.0,0.0,0.0,0.0,1.0,0.0,0.0,0.0,0.0,0.0,0.0,0.0,0.0,1.0,1.0,0.0,1.0,0.0,0.0,0.0,0.0,0.0,0.0,0.0,0.0,0.0,0.0,0.0,1.0,2.68
-0.5417934371132,-0.7599071821845689,-0.20583757610801046,-0.33807186664362326,0.5493118000561096,-0.7365972165674627,-0.4552492349026737,1.0,0.0,1.0,0.0,0.0,0.0,0.0,0.0,0.0,0.0,0.0,0.0,0.0,0.0,1.0,0.0,1.0,1.0,0.0,0.0,0.0,0.0,0.0,0.0,0.0,0.0,0.0,0.0,1.0,0.0,2.94
-0.5417934371132,0.8532652285374501,0.5893283998945065,0.21814489587847566,0.31637192918974394,-0.7365972165674627,-0.4552492349026737,2.0,0.0,0.0,0.0,0.0,1.0,0.0,0.0,0.0,0.0,0.0,0.0,0.0,0.0,1.0,0.0,1.0,0.0,0.0,0.0,0.0,0.0,0.0,0.0,0.0,0.0,1.0,0.0,1.0,0.0,2.96
0.6835487044732065,-1.0786977575556205,-1.4071674679103743,-1.1209930916154884,0.4716651764339877,-0.7365972165674627,-0.4552492349026737,2.0,0.0,0.0,0.0,0.0,0.0,0.0,0.0,0.0,1.0,0.0,0.0,0.0,0.0,1.0,1.0,0.0,0.0,0.0,1.0,0.0,0.0,0.0,0.0,0.0,0.0,0.0,0.0,0.0,1.0,6.5
-1.460800043303005,1.221193837410034,-0.505216612636536,-1.1499901740218534,-0.6153875542757187,0.4300629711636118,-0.4552492349026737,2.0,1.0,0.0,0.0,0.0,0.0,0.0,0.0,0.0,0.0,0.0,0.0,0.0,0.0,1.0,1.0,0.0,0.0,0.0,0.0,0.0,1.0,0.0,0.0,0.0,0.0,0.0,0.0,0.0,1.0,1.2
-0.23545790171659844,0.6138896568052384,1.2777094966257023,1.1671403200867965,1.3257780362773284,-0.7365972165674627,-0.4552492349026737,3.0,1.0,0.0,0.0,0.0,0.0,0.0,0.0,0.0,0.0,0.0,1.0,0.0,0.0,0.0,0.0,1.0,0.0,0.0,0.0,0.0,0.0,0.0,0.0,0.0,1.0,0.0,0.0,0.0,1.0,5.09
1.6025553106630115,-1.331447036497845,0.36813114997534113,0.3209527335010439,0.3940185528118658,-0.7365972165674627,-0.4552492349026737,4.0,0.0,0.0,0.0,0.0,0.0,0.0,1.0,0.0,0.0,0.0,0.0,0.0,0.0,1.0,0.0,1.0,0.0,0.0,0.0,0.0,0.0,0.0,0.0,1.0,0.0,0.0,0.0,0.0,1.0,9.83
1.2962197752664097,-1.3606485951275435,-1.4071674679103743,-0.07709812498633568,-0.30480105978723115,-0.7365972165674627,-0.4552492349026737,1.0,0.0,0.0,0.0,0.0,0.0,0.0,0.0,0.0,0.0,1.0,0.0,0.0,1.0,0.0,0.0,1.0,0.0,0.0,0.0,0.0,0.0,0.0,0.0,1.0,0.0,0.0,0.0,0.0,1.0,8.89
-0.5417934371132,0.6899957019591267,1.2491064039637412,1.11969054887638,-1.2365605432526938,-0.7365972165674627,1.4478418290347326,3.0,1.0,0.0,0.0,0.0,0.0,0.0,0.0,0.0,0.0,0.0,1.0,0.0,0.0,0.0,1.0,0.0,0.0,0.0,0.0,1.0,0.0,0.0,0.0,0.0,0.0,0.0,0.0,0.0,1.0,3.25
0.6835487044732065,-1.0371427539154359,-0.42131420749478365,0.331497127103358,-1.7024402849854252,2.763383346625761,3.350932892972139,3.0,0.0,0.0,0.0,0.0,1.0,0.0,0.0,0.0,0.0,0.0,0.0,1.0,0.0,0.0,0.0,1.0,0.0,0.0,0.0,0.0,0.0,0.0,0.0,1.0,0.0,0.0,0.0,1.0,0.0,5.7
1.2962197752664097,-1.8326715230058985,-0.9113805284363828,-0.8547471531570425,-1.6247936613633032,-0.7365972165674627,-0.4552492349026737,2.0,0.0,0.0,0.0,0.0,0.0,0.0,0.0,0.0,1.0,0.0,0.0,0.0,0.0,1.0,1.0,0.0,0.0,0.0,0.0,0.0,0.0,0.0,0.0,0.0,1.0,0.0,0.0,0.0,1.0,8.44
0.9898842398698082,0.3286298607483637,-0.6100946190637265,0.3209527335010439,1.092838165410963,-0.7365972165674627,-0.4552492349026737,0.0,1.0,0.0,0.0,0.0,0.0,0.0,0.0,0.0,0.0,0.0,0.0,1.0,0.0,0.0,1.0,0.0,0.0,0.0,0.0,0.0,0.0,0.0,0.0,1.0,0.0,0.0,0.0,1.0,0.0,7.59
-0.5417934371132,0.16800750095800165,-0.31071558253520093,0.23923368308310455,0.16107868194550018,-0.7365972165674627,-0.4552492349026737,4.0,0.0,1.0,0.0,0.0,0.0,0.0,0.0,0.0,0.0,0.0,0.0,1.0,0.0,0.0,1.0,0.0,0.0,0.0,0.0,0.0,0.0,0.0,0.0,1.0,0.0,0.0,0.0,0.0,1.0,4.88
1.2962197752664097,-0.26527303799237756,1.3768668845205005,-0.2352640290210558,0.6269584236782315,1.5967231588946864,-0.4552492349026737,3.0,0.0,0.0,0.0,0.0,0.0,1.0,0.0,0.0,0.0,0.0,0.0,0.0,1.0,0.0,1.0,0.0,1.0,0.0,0.0,0.0,0.0,0.0,0.0,0.0,0.0,0.0,1.0,0.0,0.0,8.66
-0.23545790171659844,-0.030474858831015694,0.932565511838039,0.3394054223050943,1.3257780362773284,-0.7365972165674627,-0.4552492349026737,4.0,0.0,0.0,0.0,0.0,1.0,0.0,0.0,0.0,0.0,0.0,0.0,0.0,0.0,1.0,1.0,0.0,0.0,0.0,0.0,0.0,0.0,0.0,0.0,1.0,0.0,0.0,0.0,0.0,1.0,4.92
0.6835487044732065,-0.6998771603367374,-0.4861478841952287,-0.14563668340138092,0.7046050473003533,-0.7365972165674627,-0.4552492349026737,1.0,0.0,0.0,0.0,0.0,0.0,0.0,0.0,1.0,0.0,0.0,1.0,0.0,0.0,0.0,0.0,1.0,0.0,0.0,0.0,1.0,0.0,0.0,0.0,0.0,0.0,0.0,0.0,1.0,0.0,6.78
0.9898842398698082,-0.08482450194634679,-0.16388637353713426,-1.3635141444687255,-1.5471470377411813,0.4300629711636118,-0.4552492349026737,3.0,0.0,0.0,0.0,0.0,0.0,0.0,1.0,0.0,0.0,0.0,0.0,1.0,0.0,0.0,1.0,0.0,0.0,0.0,0.0,0.0,1.0,0.0,0.0,0.0,0.0,0.0,0.0,0.0,1.0,7.35
-0.23545790171659844,0.3176551484399407,-0.34313242088542345,-0.6675841667159572,-0.9259740487642062,2.763383346625761,-0.4552492349026737,3.0,0.0,1.0,0.0,0.0,0.0,0.0,0.0,0.0,0.0,0.0,0.0,0.0,0.0,1.0,0.0,1.0,0.0,0.0,0.0,1.0,0.0,0.0,0.0,0.0,0.0,0.0,0.0,0.0,1.0,3.07
-1.1544645079064033,0.034794347284655885,-0.37364238639151526,-0.438243605865613,-1.7024402849854252,-0.7365972165674627,-0.4552492349026737,3.0,0.0,0.0,1.0,0.0,0.0,0.0,0.0,0.0,0.0,0.0,0.0,0.0,1.0,0.0,0.0,1.0,0.0,0.0,1.0,0.0,0.0,0.0,0.0,0.0,0.0,0.0,1.0,0.0,0.0,1.84
1.2962197752664097,-1.8326715230058985,-0.16770011922539574,-1.3740585380710404,-0.6153875542757187,1.5967231588946864,-0.4552492349026737,3.0,0.0,0.0,0.0,0.0,0.0,0.0,1.0,0.0,0.0,0.0,0.0,0.0,1.0,0.0,0.0,1.0,0.0,0.0,1.0,0.0,0.0,0.0,0.0,0.0,0.0,0.0,0.0,0.0,1.0,10.04
-0.5417934371132,-0.16909264469644916,-0.2859262355615014,0.22868928948079048,-0.4600943070314749,-0.7365972165674627,-0.4552492349026737,3.0,0.0,0.0,0.0,0.0,0.0,0.0,0.0,0.0,0.0,1.0,0.0,1.0,0.0,0.0,0.0,1.0,0.0,0.0,0.0,0.0,0.0,0.0,0.0,1.0,0.0,0.0,1.0,0.0,0.0,4.26
-1.7671355786996066,1.0799013101025978,-1.0963471943170642,-0.8600193499582,-1.3142071668748156,-0.7365972165674627,-0.4552492349026737,1.0,0.0,0.0,0.0,0.0,1.0,0.0,0.0,0.0,0.0,0.0,0.0,1.0,0.0,0.0,0.0,1.0,0.0,0.0,0.0,0.0,0.0,0.0,0.0,1.0,0.0,0.0,0.0,0.0,1.0,1.2
-1.1544645079064033,2.303526583183682,-1.2622451317564383,-1.7299318221491606,-1.08126729600845,0.4300629711636118,3.350932892972139,3.0,0.0,0.0,0.0,0.0,1.0,0.0,0.0,0.0,0.0,0.0,0.0,1.0,0.0,0.0,0.0,1.0,1.0,0.0,0.0,0.0,0.0,0.0,0.0,0.0,0.0,0.0,0.0,0.0,1.0,1.2
-0.5417934371132,0.12719701297693112,0.9878648243178304,-0.3538884570470959,-1.7024402849854252,0.4300629711636118,-0.4552492349026737,2.0,0.0,0.0,0.0,0.0,0.0,0.0,0.0,0.0,1.0,0.0,0.0,1.0,0.0,0.0,1.0,0.0,0.0,0.0,0.0,0.0,1.0,0.0,0.0,0.0,0.0,0.0,0.0,1.0,0.0,3.03
-1.460800043303005,1.1398761826423467,-0.11240080674560439,0.32622493030220096,-0.5377409306535968,-0.7365972165674627,-0.4552492349026737,2.0,0.0,0.0,0.0,0.0,0.0,1.0,0.0,0.0,0.0,0.0,0.0,0.0,0.0,1.0,0.0,1.0,0.0,0.0,0.0,0.0,0.0,0.0,1.0,0.0,0.0,0.0,0.0,0.0,1.0,1.23
-0.5417934371132,-0.21599713122063902,-1.3861918666249362,-1.8248313645699925,1.092838165410963,-0.7365972165674627,1.4478418290347326,1.0,1.0,0.0,0.0,0.0,0.0,0.0,0.0,0.0,0.0,0.0,0.0,0.0,0.0,1.0,0.0,1.0,0.0,0.0,0.0,0.0,0.0,0.0,0.0,1.0,0.0,0.0,0.0,1.0,0.0,1.2
-0.8481289725098017,-0.16683152306506555,-0.9190080198129058,-1.3345170620623603,-0.14950781254298737,0.4300629711636118,-0.4552492349026737,2.0,0.0,0.0,0.0,0.0,0.0,0.0,0.0,0.0,1.0,0.0,0.0,0.0,0.0,1.0,0.0,1.0,1.0,0.0,0.0,0.0,0.0,0.0,0.0,0.0,0.0,0.0,0.0,0.0,1.0,2.19
0.9898842398698082,-0.6000569127073622,0.007732182434631988,0.19969220707442453,-1.0036206723863281,0.4300629711636118,-0.4552492349026737,3.0,0.0,0.0,0.0,0.0,0.0,0.0,0.0,0.0,0.0,1.0,0.0,0.0,0.0,1.0,0.0,1.0,0.0,0.0,0.0,0.0,0.0,1.0,0.0,0.0,0.0,0.0,0.0,1.0,0.0,9.05
-1.7671355786996066,1.4273143763684812,-0.6539526944787335,-0.18781425781063946,-0.07186118892086549,-0.7365972165674627,1.4478418290347326,3.0,1.0,0.0,0.0,0.0,0.0,0.0,0.0,0.0,0.0,0.0,0.0,1.0,0.0,0.0,0.0,1.0,0.0,0.0,0.0,0.0,0.0,0.0,0.0,1.0,0.0,0.0,0.0,1.0,0.0,1.2
-0.23545790171659844,0.38835656140174124,-1.4071674679103743,0.012529220633339206,-1.5471470377411813,0.4300629711636118,1.4478418290347326,2.0,0.0,1.0,0.0,0.0,0.0,0.0,0.0,0.0,0.0,0.0,0.0,1.0,0.0,0.0,0.0,1.0,0.0,0.0,0.0,0.0,0.0,1.0,0.0,0.0,0.0,0.0,0.0,1.0,0.0,3.26
1.2962197752664097,-1.552871508449194,0.7571332101780113,0.15224243586400896,0.23872530556762206,1.5967231588946864,-0.4552492349026737,2.0,0.0,0.0,0.0,0.0,0.0,0.0,0.0,1.0,0.0,0.0,0.0,1.0,0.0,0.0,1.0,0.0,0.0,0.0,0.0,0.0,0.0,0.0,1.0,0.0,0.0,0.0,0.0,0.0,1.0,7.97
0.6835487044732065,-0.7475813118281239,0.2575325250157584,1.0379714984584414,0.5493118000561096,1.5967231588946864,-0.4552492349026737,2.0,0.0,0.0,0.0,0.0,0.0,0.0,0.0,0.0,1.0,0.0,0.0,1.0,0.0,0.0,0.0,1.0,1.0,0.0,0.0,0.0,0.0,0.0,0.0,0.0,0.0,0.0,0.0,1.0,0.0,8.19
-1.7671355786996066,0.8504526138252412,-0.8065025220091924,-0.5674124274939679,-1.158913919630572,0.4300629711636118,-0.4552492349026737,4.0,0.0,0.0,0.0,0.0,0.0,0.0,0.0,1.0,0.0,0.0,0.0,0.0,0.0,1.0,0.0,1.0,1.0,0.0,0.0,0.0,0.0,0.0,0.0,0.0,0.0,0.0,0.0,0.0,1.0,1.2
0.37721316907660485,-0.9548599862563044,-0.9285423840335595,-0.7387588235315814,-0.5377409306535968,-0.7365972165674627,-0.4552492349026737,2.0,1.0,0.0,0.0,0.0,0.0,0.0,0.0,0.0,0.0,0.0,0.0,0.0,0.0,1.0,0.0,1.0,0.0,0.0,0.0,1.0,0.0,0.0,0.0,0.0,0.0,0.0,0.0,1.0,0.0,5.05
0.6835487044732065,-0.6736260896894543,0.07637960482333848,-0.8442027595547281,-1.2365605432526938,0.4300629711636118,-0.4552492349026737,2.0,0.0,0.0,0.0,0.0,0.0,0.0,0.0,1.0,0.0,0.0,0.0,1.0,0.0,0.0,0.0,1.0,0.0,0.0,1.0,0.0,0.0,0.0,0.0,0.0,0.0,0.0,0.0,0.0,1.0,5.65
0.37721316907660485,-0.04837080930379595,-0.3545736579502079,-0.5885012146985968,-0.38244768340935303,-0.7365972165674627,-0.4552492349026737,2.0,0.0,0.0,0.0,0.0,0.0,0.0,1.0,0.0,0.0,0.0,0.0,1.0,0.0,0.0,0.0,1.0,0.0,0.0,0.0,0.0,0.0,0.0,0.0,1.0,0.0,0.0,0.0,0.0,1.0,6.38
0.6835487044732065,-0.2810733147580218,0.1412132815237835,0.6267401479681693,1.0151915417888409,1.5967231588946864,-0.4552492349026737,0.0,0.0,0.0,0.0,1.0,0.0,0.0,0.0,0.0,0.0,0.0,0.0,0.0,0.0,1.0,0.0,1.0,0.0,0.0,0.0,0.0,0.0,0.0,0.0,0.0,0.0,1.0,0.0,1.0,0.0,5.95
1.6025553106630115,-1.653518995699807,0.8772661993582477,0.4527576535299773,-0.22715443616510927,-0.7365972165674627,-0.4552492349026737,2.0,0.0,0.0,0.0,0.0,0.0,1.0,0.0,0.0,0.0,0.0,0.0,0.0,0.0,1.0,0.0,1.0,0.0,1.0,0.0,0.0,0.0,0.0,0.0,0.0,0.0,0.0,0.0,0.0,1.0,9.36
0.6835487044732065,-0.1363339556954277,0.9230311476173854,1.2673120593087854,-1.5471470377411813,0.4300629711636118,-0.4552492349026737,2.0,0.0,0.0,1.0,0.0,0.0,0.0,0.0,0.0,0.0,0.0,0.0,0.0,0.0,1.0,0.0,1.0,0.0,0.0,0.0,0.0,0.0,1.0,0.0,0.0,0.0,0.0,0.0,0.0,1.0,6.99
0.6835487044732065,0.17126131013487078,-1.2374557847827388,-1.616579590924278,0.4716651764339877,-0.7365972165674627,-0.4552492349026737,3.0,0.0,0.0,0.0,0.0,0.0,1.0,0.0,0.0,0.0,0.0,0.0,0.0,0.0,1.0,0.0,1.0,0.0,0.0,0.0,0.0,1.0,0.0,0.0,0.0,0.0,0.0,0.0,0.0,1.0,5.02
-1.7671355786996066,2.0848320019824182,0.9649823501882615,1.997511316269077,-1.3918537904969375,-0.7365972165674627,-0.4552492349026737,2.0,0.0,0.0,0.0,0.0,0.0,0.0,0.0,0.0,0.0,1.0,0.0,0.0,0.0,1.0,0.0,1.0,0.0,0.0,0.0,1.0,0.0,0.0,0.0,0.0,0.0,0.0,0.0,0.0,1.0,1.2
0.07087763368000322,-0.5096671967600992,-0.6673008043876486,-0.18517815941006094,-0.22715443616510927,-0.7365972165674627,3.350932892972139,2.0,0.0,0.0,0.0,1.0,0.0,0.0,0.0,0.0,0.0,0.0,0.0,1.0,0.0,0.0,0.0,1.0,0.0,0.0,0.0,0.0,0.0,1.0,0.0,0.0,0.0,0.0,0.0,0.0,1.0,3.96
1.2962197752664097,-1.9512425353833331,-0.4537310458450062,0.7611811663976813,-0.9259740487642062,0.4300629711636118,-0.4552492349026737,4.0,0.0,0.0,0.0,0.0,0.0,0.0,0.0,0.0,0.0,1.0,0.0,0.0,0.0,1.0,0.0,1.0,1.0,0.0,0.0,0.0,0.0,0.0,0.0,0.0,0.0,0.0,1.0,0.0,0.0,8.8
-0.5417934371132,0.034491026090201986,0.8295943782549793,0.231325387881369,0.23872530556762206,-0.7365972165674627,-0.4552492349026737,1.0,0.0,0.0,0.0,0.0,0.0,1.0,0.0,0.0,0.0,0.0,0.0,0.0,0.0,1.0,1.0,0.0,0.0,0.0,0.0,0.0,0.0,0.0,0.0,1.0,0.0,0.0,0.0,1.0,0.0,3.36
-0.23545790171659844,0.07634935092484053,-0.5471678152074122,0.5186601135444441,-0.7706808015199624,-0.7365972165674627,-0.4552492349026737,2.0,0.0,1.0,0.0,0.0,0.0,0.0,0.0,0.0,0.0,0.0,0.0,0.0,0.0,1.0,0.0,1.0,0.0,0.0,1.0,0.0,0.0,0.0,0.0,0.0,0.0,0.0,0.0,0.0,1.0,3.49
-0.23545790171659844,-0.20102409407623273,0.0821002233557307,0.5423849991496514,0.6269584236782315,-0.7365972165674627,-0.4552492349026737,3.0,0.0,0.0,0.0,0.0,0.0,0.0,0.0,0.0,1.0,0.0,0.0,0.0,0.0,1.0,0.0,1.0,1.0,0.0,0.0,0.0,0.0,0.0,0.0,0.0,0.0,0.0,0.0,1.0,0.0,6.51
-0.5417934371132,0.10315191465294903,0.09544833326464586,0.05997899184375554,0.6269584236782315,-0.7365972165674627,-0.4552492349026737,1.0,0.0,0.0,0.0,0.0,0.0,0.0,1.0,0.0,0.0,0.0,0.0,0.0,0.0,1.0,0.0,1.0,0.0,0.0,0.0,0.0,0.0,0.0,0.0,0.0,0.0,1.0,0.0,1.0,0.0,2.03
-0.5417934371132,-0.3231798114790317,1.1518558889130737,1.3384867161244098,0.005785434701256396,-0.7365972165674627,-0.4552492349026737,2.0,0.0,0.0,0.0,0.0,0.0,0.0,0.0,0.0,0.0,1.0,0.0,0.0,0.0,1.0,1.0,0.0,0.0,0.0,0.0,0.0,1.0,0.0,0.0,0.0,0.0,0.0,0.0,0.0,1.0,4.23
0.6835487044732065,0.045962082171367755,0.9211242747732546,1.1987735008937401,0.937544918166719,-0.7365972165674627,-0.4552492349026737,4.0,0.0,0.0,1.0,0.0,0.0,0.0,0.0,0.0,0.0,0.0,0.0,0.0,0.0,1.0,0.0,1.0,0.0,0.0,0.0,0.0,0.0,0.0,1.0,0.0,0.0,0.0,0.0,0.0,1.0,8.77
1.6025553106630115,-0.7809466432180532,0.22130194097727443,0.054706795042597754,-1.7024402849854252,-0.7365972165674627,-0.4552492349026737,3.0,0.0,0.0,0.0,0.0,0.0,0.0,0.0,1.0,0.0,0.0,0.0,0.0,0.0,1.0,1.0,0.0,0.0,0.0,0.0,0.0,0.0,0.0,0.0,1.0,0.0,0.0,0.0,0.0,1.0,8.62
-0.8481289725098017,0.672982140415667,-0.3240636924441161,-1.4188722108808778,1.0151915417888409,-0.7365972165674627,-0.4552492349026737,3.0,1.0,0.0,0.0,0.0,0.0,0.0,0.0,0.0,0.0,0.0,0.0,0.0,0.0,1.0,0.0,1.0,0.0,0.0,0.0,0.0,1.0,0.0,0.0,0.0,0.0,0.0,1.0,0.0,0.0,1.68
0.6835487044732065,-0.2515132856257869,0.6808582964127818,-0.46196849147082114,-1.3918537904969375,-0.7365972165674627,-0.4552492349026737,3.0,0.0,0.0,0.0,1.0,0.0,0.0,0.0,0.0,0.0,0.0,0.0,0.0,0.0,1.0,1.0,0.0,0.0,0.0,1.0,0.0,0.0,0.0,0.0,0.0,0.0,0.0,0.0,0.0,1.0,6.53
0.07087763368000322,-0.3019473278672585,-0.05710149426581304,-0.4092465234592478,1.4034246598994504,-0.7365972165674627,3.350932892972139,4.0,0.0,0.0,0.0,0.0,0.0,0.0,0.0,0.0,0.0,1.0,0.0,0.0,0.0,1.0,1.0,0.0,0.0,0.0,0.0,1.0,0.0,0.0,0.0,0.0,0.0,0.0,0.0,0.0,1.0,5.93
1.2962197752664097,-0.43562925065930574,-0.05328774857755157,-0.7519393155344747,1.2481314126552066,1.5967231588946864,-0.4552492349026737,2.0,0.0,0.0,0.0,0.0,0.0,0.0,1.0,0.0,0.0,0.0,0.0,0.0,0.0,1.0,1.0,0.0,0.0,1.0,0.0,0.0,0.0,0.0,0.0,0.0,0.0,0.0,0.0,0.0,1.0,6.68
-1.7671355786996066,1.7191093654331355,3.3600146424164663,-0.7440310203327384,-1.0036206723863281,-0.7365972165674627,1.4478418290347326,2.0,0.0,0.0,0.0,0.0,0.0,0.0,0.0,0.0,0.0,1.0,0.0,0.0,1.0,0.0,0.0,1.0,0.0,0.0,0.0,0.0,0.0,0.0,1.0,0.0,0.0,0.0,0.0,1.0,0.0,1.2
1.2962197752664097,-1.6431233511262506,-0.6348839660374261,0.11006486145475039,1.0151915417888409,-0.7365972165674627,-0.4552492349026737,4.0,0.0,0.0,0.0,0.0,0.0,0.0,1.0,0.0,0.0,0.0,1.0,0.0,0.0,0.0,0.0,1.0,0.0,0.0,0.0,0.0,0.0,0.0,1.0,0.0,0.0,0.0,0.0,0.0,1.0,9.16
-0.8481289725098017,1.2570133130096357,1.170924617354381,0.7743616584005746,1.6363645307658161,-0.7365972165674627,-0.4552492349026737,3.0,0.0,0.0,0.0,0.0,0.0,0.0,0.0,0.0,0.0,1.0,0.0,1.0,0.0,0.0,1.0,0.0,0.0,1.0,0.0,0.0,0.0,0.0,0.0,0.0,0.0,0.0,1.0,0.0,0.0,3.71
-1.1544645079064033,0.8207822860768412,0.6083971283358138,1.4465667505481352,0.5493118000561096,0.4300629711636118,-0.4552492349026737,3.0,0.0,0.0,0.0,0.0,0.0,0.0,0.0,1.0,0.0,0.0,0.0,0.0,0.0,1.0,1.0,0.0,1.0,0.0,0.0,0.0,0.0,0.0,0.0,0.0,0.0,0.0,0.0,1.0,0.0,1.93
-1.460800043303005,1.1424406254681843,-1.3957262308455898,-1.2949755860536802,1.092838165410963,-0.7365972165674627,-0.4552492349026737,1.0,0.0,0.0,0.0,0.0,0.0,1.0,0.0,0.0,0.0,0.0,0.0,0.0,0.0,1.0,0.0,1.0,0.0,0.0,0.0,0.0,0.0,1.0,0.0,0.0,0.0,0.0,0.0,1.0,0.0,1.2
0.9898842398698082,-0.16661092583273543,0.8658249622934633,0.11533705825590744,0.937544918166719,0.4300629711636118,-0.4552492349026737,0.0,0.0,0.0,0.0,0.0,0.0,1.0,0.0,0.0,0.0,0.0,0.0,1.0,0.0,0.0,1.0,0.0,0.0,0.0,1.0,0.0,0.0,0.0,0.0,0.0,0.0,0.0,0.0,0.0,1.0,5.87
1.2962197752664097,-0.8531095128440408,0.6636964408156052,-0.21681134021700468,-1.3142071668748156,0.4300629711636118,-0.4552492349026737,3.0,1.0,0.0,0.0,0.0,0.0,0.0,0.0,0.0,0.0,0.0,0.0,1.0,0.0,0.0,1.0,0.0,0.0,0.0,0.0,0.0,0.0,0.0,0.0,1.0,0.0,0.0,0.0,1.0,0.0,8.35
-0.23545790171659844,0.12898936548961326,-0.3602942764826001,0.15224243586400896,0.16107868194550018,0.4300629711636118,3.350932892972139,4.0,0.0,0.0,0.0,0.0,1.0,0.0,0.0,0.0,0.0,0.0,0.0,0.0,0.0,1.0,0.0,1.0,0.0,0.0,1.0,0.0,0.0,0.0,0.0,0.0,0.0,0.0,0.0,0.0,1.0,4.62
-0.5417934371132,1.1707597951685622,0.1660026284974831,0.08370387744896371,0.6269584236782315,-0.7365972165674627,-0.4552492349026737,2.0,0.0,0.0,0.0,0.0,0.0,0.0,0.0,0.0,1.0,0.0,0.0,0.0,0.0,1.0,0.0,1.0,0.0,1.0,0.0,0.0,0.0,0.0,0.0,0.0,0.0,0.0,0.0,0.0,1.0,4.17
0.07087763368000322,0.12510133926979505,-0.32597056528824686,-0.17990596260890315,-0.8483274251420844,1.5967231588946864,-0.4552492349026737,1.0,0.0,0.0,0.0,0.0,0.0,0.0,0.0,0.0,1.0,0.0,0.0,0.0,0.0,1.0,0.0,1.0,0.0,1.0,0.0,0.0,0.0,0.0,0.0,0.0,0.0,0.0,0.0,0.0,1.0,3.92
1.2962197752664097,-1.2129863227365756,-0.3545736579502079,-1.534860540506339,1.6363645307658161,2.763383346625761,-0.4552492349026737,2.0,0.0,0.0,0.0,0.0,0.0,0.0,0.0,0.0,0.0,1.0,0.0,1.0,0.0,0.0,0.0,1.0,0.0,0.0,0.0,1.0,0.0,0.0,0.0,0.0,0.0,0.0,0.0,0.0,1.0,6.82
-0.5417934371132,0.8967780326145645,-1.4071674679103743,-0.6781285603182717,1.0151915417888409,0.4300629711636118,-0.4552492349026737,3.0,0.0,0.0,0.0,0.0,0.0,0.0,0.0,0.0,0.0,1.0,0.0,0.0,0.0,1.0,0.0,1.0,0.0,0.0,0.0,0.0,0.0,0.0,0.0,0.0,0.0,1.0,0.0,1.0,0.0,2.82
0.37721316907660485,-1.345647983329096,-1.4071674679103743,-1.115720894814331,0.8598982945445971,0.4300629711636118,1.4478418290347326,2.0,0.0,0.0,1.0,0.0,0.0,0.0,0.0,0.0,0.0,0.0,0.0,0.0,0.0,1.0,0.0,1.0,1.0,0.0,0.0,0.0,0.0,0.0,0.0,0.0,0.0,0.0,1.0,0.0,0.0,5.79
1.2962197752664097,-1.6617362426041038,0.07065898629094627,0.2919556510946779,0.7046050473003533,-0.7365972165674627,-0.4552492349026737,3.0,0.0,0.0,0.0,0.0,1.0,0.0,0.0,0.0,0.0,0.0,0.0,0.0,0.0,1.0,0.0,1.0,0.0,0.0,0.0,0.0,0.0,1.0,0.0,0.0,0.0,0.0,0.0,0.0,1.0,7.77
-0.8481289725098017,1.6117888119045367,2.398950728974575,2.2083991883153704,-0.5377409306535968,1.5967231588946864,1.4478418290347326,2.0,0.0,0.0,0.0,0.0,0.0,0.0,0.0,0.0,1.0,0.0,0.0,0.0,0.0,1.0,0.0,1.0,0.0,0.0,0.0,0.0,0.0,0.0,0.0,0.0,0.0,1.0,1.0,0.0,0.0,2.75
0.07087763368000322,0.5793386152915349,-0.5376334509867585,-1.3846029316733552,0.7046050473003533,0.4300629711636118,-0.4552492349026737,3.0,1.0,0.0,0.0,0.0,0.0,0.0,0.0,0.0,0.0,0.0,0.0,0.0,0.0,1.0,1.0,0.0,0.0,0.0,0.0,0.0,0.0,0.0,0.0,0.0,1.0,0.0,0.0,0.0,1.0,4.44
1.6025553106630115,-1.5685890612527145,-0.7454825909970088,-0.09818691219096458,1.2481314126552066,-0.7365972165674627,-0.4552492349026737,1.0,1.0,0.0,0.0,0.0,0.0,0.0,0.0,0.0,0.0,0.0,0.0,1.0,0.0,0.0,0.0,1.0,0.0,0.0,1.0,0.0,0.0,0.0,0.0,0.0,0.0,0.0,0.0,1.0,0.0,7.95
-0.8481289725098017,0.9387190814113269,-0.25923001574367105,1.0063383176514977,-0.8483274251420844,-0.7365972165674627,-0.4552492349026737,1.0,0.0,0.0,0.0,0.0,0.0,0.0,0.0,0.0,0.0,1.0,0.0,1.0,0.0,0.0,0.0,1.0,0.0,0.0,0.0,0.0,0.0,0.0,0.0,1.0,0.0,0.0,0.0,1.0,0.0,1.61
0.9898842398698082,-0.8871917852390429,1.1366009061600277,1.3463950113261454,-0.4600943070314749,0.4300629711636118,-0.4552492349026737,2.0,0.0,0.0,0.0,0.0,0.0,1.0,0.0,0.0,0.0,0.0,0.0,0.0,0.0,1.0,0.0,1.0,0.0,0.0,0.0,0.0,0.0,0.0,0.0,1.0,0.0,0.0,0.0,1.0,0.0,7.12
-1.7671355786996066,0.7175979306544319,0.0821002233557307,0.09952046785243557,-1.3918537904969375,1.5967231588946864,1.4478418290347326,2.0,0.0,0.0,0.0,0.0,1.0,0.0,0.0,0.0,0.0,0.0,0.0,0.0,1.0,0.0,1.0,0.0,0.0,1.0,0.0,0.0,0.0,0.0,0.0,0.0,0.0,0.0,1.0,0.0,0.0,1.2
0.37721316907660485,-0.6293411952991844,-1.243176403315131,-0.5621402306928102,-0.9259740487642062,1.5967231588946864,-0.4552492349026737,2.0,0.0,0.0,0.0,0.0,0.0,0.0,0.0,0.0,0.0,1.0,0.0,1.0,0.0,0.0,0.0,1.0,0.0,1.0,0.0,0.0,0.0,0.0,0.0,0.0,0.0,0.0,0.0,0.0,1.0,5.66
1.2962197752664097,0.1308644419644192,0.9268448933056468,0.5845625735589107,0.937544918166719,-0.7365972165674627,1.4478418290347326,2.0,0.0,0.0,0.0,1.0,0.0,0.0,0.0,0.0,0.0,0.0,0.0,0.0,0.0,1.0,1.0,0.0,0.0,0.0,0.0,0.0,0.0,0.0,0.0,0.0,1.0,0.0,0.0,1.0,0.0,6.4
-0.8481289725098017,0.30210304356066786,-1.4071674679103743,-0.06918982978459938,-0.7706808015199624,-0.7365972165674627,1.4478418290347326,2.0,0.0,0.0,0.0,1.0,0.0,0.0,0.0,0.0,0.0,0.0,0.0,1.0,0.0,0.0,1.0,0.0,0.0,0.0,1.0,0.0,0.0,0.0,0.0,0.0,0.0,0.0,1.0,0.0,0.0,3.07
-0.8481289725098017,0.5266710260727208,-0.33741180235303125,-1.3160643732583095,1.2481314126552066,1.5967231588946864,-0.4552492349026737,3.0,0.0,0.0,0.0,1.0,0.0,0.0,0.0,0.0,0.0,0.0,0.0,0.0,0.0,1.0,1.0,0.0,0.0,0.0,0.0,0.0,0.0,0.0,0.0,0.0,0.0,1.0,0.0,0.0,1.0,1.2
-1.1544645079064033,0.7588771877542039,-0.9361698754100825,-0.4118826218598263,1.558717907143694,1.5967231588946864,-0.4552492349026737,2.0,0.0,0.0,0.0,0.0,0.0,0.0,0.0,1.0,0.0,0.0,0.0,0.0,0.0,1.0,0.0,1.0,0.0,0.0,0.0,0.0,0.0,0.0,1.0,0.0,0.0,0.0,0.0,0.0,1.0,1.25
1.2962197752664097,-1.6371948005073789,-0.678742041452433,-0.7783002995402614,-1.0036206723863281,-0.7365972165674627,-0.4552492349026737,3.0,1.0,0.0,0.0,0.0,0.0,0.0,0.0,0.0,0.0,0.0,0.0,0.0,1.0,0.0,1.0,0.0,0.0,0.0,0.0,0.0,0.0,0.0,1.0,0.0,0.0,0.0,1.0,0.0,0.0,10.2
1.2962197752664097,-0.5139688427905365,-0.1600726278488728,-1.0392740411975494,1.4810712835215722,0.4300629711636118,-0.4552492349026737,0.0,0.0,0.0,0.0,0.0,0.0,1.0,0.0,0.0,0.0,0.0,0.0,1.0,0.0,0.0,0.0,1.0,0.0,0.0,0.0,0.0,0.0,0.0,0.0,1.0,0.0,0.0,1.0,0.0,0.0,5.71
0.07087763368000322,0.2662559933070248,-0.34122554804129274,-0.11136740419385792,-0.30480105978723115,0.4300629711636118,-0.4552492349026737,2.0,0.0,0.0,0.0,0.0,0.0,0.0,0.0,0.0,1.0,0.0,0.0,0.0,0.0,1.0,1.0,0.0,0.0,0.0,1.0,0.0,0.0,0.0,0.0,0.0,0.0,0.0,1.0,0.0,0.0,4.83
-0.8481289725098017,0.4161793873293765,1.3673325202998468,1.0379714984584414,0.4716651764339877,2.763383346625761,-0.4552492349026737,2.0,0.0,0.0,0.0,0.0,1.0,0.0,0.0,0.0,0.0,0.0,0.0,0.0,0.0,1.0,0.0,1.0,1.0,0.0,0.0,0.0,0.0,0.0,0.0,0.0,0.0,0.0,0.0,1.0,0.0,2.21
0.37721316907660485,0.10979740627689362,-1.4071674679103743,-1.171078961226483,0.937544918166719,-0.7365972165674627,-0.4552492349026737,1.0,0.0,0.0,0.0,0.0,0.0,1.0,0.0,0.0,0.0,0.0,0.0,0.0,0.0,1.0,0.0,1.0,0.0,1.0,0.0,0.0,0.0,0.0,0.0,0.0,0.0,0.0,0.0,0.0,1.0,4.74
1.2962197752664097,-0.6384959804408841,0.5149603589734078,0.4712103423340277,0.005785434701256396,0.4300629711636118,1.4478418290347326,2.0,1.0,0.0,0.0,0.0,0.0,0.0,0.0,0.0,0.0,0.0,0.0,1.0,0.0,0.0,1.0,0.0,0.0,1.0,0.0,0.0,0.0,0.0,0.0,0.0,0.0,0.0,0.0,0.0,1.0,6.74
0.07087763368000322,-0.8392394618612851,-0.7931544121002772,-0.398702129856933,-0.30480105978723115,-0.7365972165674627,-0.4552492349026737,3.0,0.0,0.0,1.0,0.0,0.0,0.0,0.0,0.0,0.0,0.0,0.0,1.0,0.0,0.0,1.0,0.0,0.0,0.0,0.0,0.0,1.0,0.0,0.0,0.0,0.0,0.0,1.0,0.0,0.0,6.45
1.2962197752664097,-0.2836653322379006,1.0793947208361057,1.2646759609082068,-0.4600943070314749,0.4300629711636118,-0.4552492349026737,1.0,0.0,0.0,1.0,0.0,0.0,0.0,0.0,0.0,0.0,0.0,0.0,0.0,0.0,1.0,0.0,1.0,0.0,0.0,1.0,0.0,0.0,0.0,0.0,0.0,0.0,0.0,0.0,0.0,1.0,7.44
0.6835487044732065,-0.3956735769535144,-0.29355372693802434,0.0757955822472274,1.4810712835215722,-0.7365972165674627,1.4478418290347326,3.0,0.0,0.0,0.0,0.0,0.0,1.0,0.0,0.0,0.0,0.0,0.0,1.0,0.0,0.0,1.0,0.0,0.0,0.0,1.0,0.0,0.0,0.0,0.0,0.0,0.0,0.0,0.0,0.0,1.0,6.12
1.6025553106630115,-1.1784904305309545,-0.3145293282234624,0.5107518183427078,0.08343205832337829,0.4300629711636118,-0.4552492349026737,2.0,0.0,0.0,0.0,0.0,0.0,0.0,0.0,1.0,0.0,0.0,0.0,0.0,0.0,1.0,1.0,0.0,0.0,1.0,0.0,0.0,0.0,0.0,0.0,0.0,0.0,0.0,0.0,1.0,0.0,8.96
0.6835487044732065,-0.9188474880784138,-1.098254067161195,-0.6544036747130639,1.2481314126552066,-0.7365972165674627,-0.4552492349026737,3.0,0.0,0.0,0.0,0.0,0.0,0.0,1.0,0.0,0.0,0.0,1.0,0.0,0.0,0.0,0.0,1.0,0.0,0.0,0.0,0.0,0.0,0.0,0.0,0.0,0.0,1.0,1.0,0.0,0.0,7.17
1.6025553106630115,-1.254513751722719,-0.1810482291343109,2.474645126773816,1.6363645307658161,1.5967231588946864,1.4478418290347326,3.0,0.0,1.0,0.0,0.0,0.0,0.0,0.0,0.0,0.0,0.0,0.0,0.0,0.0,1.0,1.0,0.0,0.0,0.0,0.0,0.0,1.0,0.0,0.0,0.0,0.0,0.0,0.0,0.0,1.0,8.21
0.07087763368000322,-0.4013263810319735,-0.1867688476667031,0.2576863718871557,0.6269584236782315,-0.7365972165674627,-0.4552492349026737,3.0,0.0,0.0,0.0,0.0,0.0,0.0,0.0,0.0,0.0,1.0,0.0,0.0,0.0,1.0,0.0,1.0,0.0,0.0,0.0,0.0,0.0,0.0,0.0,1.0,0.0,0.0,0.0,1.0,0.0,4.85
-1.460800043303005,0.8553609022445862,0.41198922539034805,0.5713820815560174,-0.14950781254298737,-0.7365972165674627,-0.4552492349026737,2.0,1.0,0.0,0.0,0.0,0.0,0.0,0.0,0.0,0.0,0.0,0.0,0.0,0.0,1.0,0.0,1.0,0.0,0.0,0.0,0.0,0.0,0.0,0.0,0.0,0.0,1.0,0.0,1.0,0.0,1.2
1.2962197752664097,-1.034330139203227,0.12595829877073764,0.4158522759218758,0.7046050473003533,-0.7365972165674627,-0.4552492349026737,1.0,1.0,0.0,0.0,0.0,0.0,0.0,0.0,0.0,0.0,0.0,0.0,0.0,0.0,1.0,1.0,0.0,0.0,0.0,0.0,0.0,0.0,0.0,0.0,0.0,1.0,0.0,0.0,0.0,1.0,8.03
-1.460800043303005,1.5265831309170312,0.20986070391249,0.15487853426458748,-0.5377409306535968,0.4300629711636118,-0.4552492349026737,3.0,0.0,0.0,0.0,0.0,0.0,0.0,0.0,0.0,1.0,0.0,0.0,1.0,0.0,0.0,0.0,1.0,0.0,0.0,0.0,0.0,0.0,0.0,0.0,0.0,1.0,0.0,0.0,1.0,0.0,1.67
-1.1544645079064033,0.8949029561397586,-0.19821008473148752,1.2040456976948979,-0.38244768340935303,-0.7365972165674627,-0.4552492349026737,2.0,0.0,0.0,0.0,1.0,0.0,0.0,0.0,0.0,0.0,0.0,0.0,0.0,1.0,0.0,0.0,1.0,0.0,0.0,0.0,0.0,0.0,0.0,0.0,1.0,0.0,0.0,0.0,0.0,1.0,3.72
1.2962197752664097,0.45839618266655147,-1.4071674679103743,-1.2000760436328484,-1.08126729600845,-0.7365972165674627,-0.4552492349026737,2.0,0.0,0.0,1.0,0.0,0.0,0.0,0.0,0.0,0.0,0.0,0.0,1.0,0.0,0.0,1.0,0.0,0.0,0.0,0.0,0.0,0.0,1.0,0.0,0.0,0.0,0.0,0.0,0.0,1.0,8.26
0.07087763368000322,-0.7844486242812937,-0.08761145977190482,0.38421909511493135,-1.7024402849854252,2.763383346625761,-0.4552492349026737,2.0,0.0,0.0,1.0,0.0,0.0,0.0,0.0,0.0,0.0,0.0,0.0,0.0,0.0,1.0,0.0,1.0,0.0,0.0,0.0,0.0,0.0,0.0,0.0,0.0,1.0,0.0,1.0,0.0,0.0,4.44
0.9898842398698082,-1.4186656672303628,0.8562905980728096,0.4079439807201395,0.3940185528118658,-0.7365972165674627,-0.4552492349026737,3.0,0.0,1.0,0.0,0.0,0.0,0.0,0.0,0.0,0.0,0.0,0.0,0.0,0.0,1.0,1.0,0.0,1.0,0.0,0.0,0.0,0.0,0.0,0.0,0.0,0.0,0.0,0.0,1.0,0.0,6.92
-1.1544645079064033,1.3164918417766418,-0.28973998124976286,0.038890204639125896,-1.2365605432526938,-0.7365972165674627,1.4478418290347326,2.0,0.0,0.0,0.0,0.0,0.0,0.0,0.0,0.0,1.0,0.0,0.0,0.0,0.0,1.0,1.0,0.0,0.0,1.0,0.0,0.0,0.0,0.0,0.0,0.0,0.0,0.0,0.0,0.0,1.0,1.24
1.6025553106630115,-1.6191058274563097,-0.3278774381323776,-0.01910396017360452,-0.8483274251420844,-0.7365972165674627,-0.4552492349026737,2.0,0.0,0.0,0.0,1.0,0.0,0.0,0.0,0.0,0.0,0.0,0.0,1.0,0.0,0.0,0.0,1.0,0.0,0.0,0.0,0.0,1.0,0.0,0.0,0.0,0.0,0.0,0.0,1.0,0.0,9.07
0.6835487044732065,-1.3029624188732196,-1.3537750282747136,-0.34070796504420253,-0.30480105978723115,-0.7365972165674627,-0.4552492349026737,2.0,0.0,1.0,0.0,0.0,0.0,0.0,0.0,0.0,0.0,0.0,0.0,0.0,0.0,1.0,0.0,1.0,0.0,0.0,0.0,0.0,0.0,1.0,0.0,0.0,0.0,0.0,0.0,0.0,1.0,6.39
0.07087763368000322,0.48031803262935624,-0.8293849961387612,-0.12191179779617274,0.7822516709224753,-0.7365972165674627,-0.4552492349026737,2.0,0.0,0.0,0.0,0.0,0.0,0.0,0.0,0.0,1.0,0.0,0.0,1.0,0.0,0.0,1.0,0.0,0.0,0.0,1.0,0.0,0.0,0.0,0.0,0.0,0.0,0.0,0.0,0.0,1.0,4.83
-1.1544645079064033,1.2803138956745037,0.3032974732748961,0.871897299221985,-0.14950781254298737,-0.7365972165674627,3.350932892972139,2.0,1.0,0.0,0.0,0.0,0.0,0.0,0.0,0.0,0.0,0.0,0.0,0.0,0.0,1.0,0.0,1.0,0.0,0.0,1.0,0.0,0.0,0.0,0.0,0.0,0.0,0.0,0.0,0.0,1.0,1.2
0.37721316907660485,-0.6747015011970635,0.009639055278762724,-0.4303353106638767,-1.7024402849854252,-0.7365972165674627,-0.4552492349026737,2.0,0.0,0.0,1.0,0.0,0.0,0.0,0.0,0.0,0.0,0.0,0.0,1.0,0.0,0.0,1.0,0.0,0.0,0.0,0.0,0.0,1.0,0.0,0.0,0.0,0.0,0.0,0.0,0.0,1.0,4.93
0.9898842398698082,-0.27983245532616485,0.347155548689903,0.5924708687606464,-0.22715443616510927,0.4300629711636118,1.4478418290347326,3.0,0.0,0.0,0.0,0.0,0.0,1.0,0.0,0.0,0.0,0.0,0.0,0.0,0.0,1.0,0.0,1.0,0.0,0.0,0.0,0.0,0.0,0.0,0.0,1.0,0.0,0.0,0.0,0.0,1.0,6.23
-1.1544645079064033,0.6570439903798164,-0.4518241730008754,-0.6886729539205865,-0.22715443616510927,-0.7365972165674627,-0.4552492349026737,3.0,0.0,0.0,0.0,0.0,0.0,0.0,1.0,0.0,0.0,0.0,1.0,0.0,0.0,0.0,0.0,1.0,1.0,0.0,0.0,0.0,0.0,0.0,0.0,0.0,0.0,0.0,0.0,0.0,1.0,1.81
0.6835487044732065,-0.15340266654697002,1.2777094966257023,0.5265684087461796,0.3940185528118658,1.5967231588946864,-0.4552492349026737,1.0,0.0,0.0,0.0,0.0,0.0,1.0,0.0,0.0,0.0,0.0,0.0,1.0,0.0,0.0,0.0,1.0,0.0,0.0,0.0,0.0,0.0,1.0,0.0,0.0,0.0,0.0,0.0,0.0,1.0,5.97
-1.460800043303005,1.970893531483916,-0.8961255456833369,-0.6438592811107491,-0.22715443616510927,1.5967231588946864,-0.4552492349026737,4.0,0.0,0.0,0.0,0.0,0.0,0.0,0.0,0.0,1.0,0.0,0.0,0.0,0.0,1.0,1.0,0.0,0.0,0.0,0.0,0.0,0.0,0.0,1.0,0.0,0.0,0.0,0.0,1.0,0.0,2.22
1.2962197752664097,-1.1229826519458903,-1.4071674679103743,0.31040833989872907,0.5493118000561096,-0.7365972165674627,1.4478418290347326,1.0,0.0,0.0,1.0,0.0,0.0,0.0,0.0,0.0,0.0,0.0,0.0,0.0,0.0,1.0,0.0,1.0,0.0,0.0,0.0,0.0,0.0,1.0,0.0,0.0,0.0,0.0,0.0,1.0,0.0,9.33
1.2962197752664097,-1.228593576923931,-0.816036886229846,-1.0550906316010216,-0.7706808015199624,-0.7365972165674627,-0.4552492349026737,3.0,0.0,0.0,0.0,0.0,0.0,0.0,0.0,1.0,0.0,0.0,0.0,0.0,0.0,1.0,1.0,0.0,0.0,0.0,0.0,0.0,1.0,0.0,0.0,0.0,0.0,0.0,0.0,1.0,0.0,7.57
0.37721316907660485,-0.8521443999525965,-0.15244513647234983,-0.4303353106638767,1.092838165410963,2.763383346625761,-0.4552492349026737,2.0,0.0,1.0,0.0,0.0,0.0,0.0,0.0,0.0,0.0,0.0,0.0,0.0,0.0,1.0,0.0,1.0,0.0,0.0,1.0,0.0,0.0,0.0,0.0,0.0,0.0,0.0,0.0,0.0,1.0,4.58
0.37721316907660485,-0.4603637153343194,-0.6043740005313343,-0.947010597177296,1.092838165410963,-0.7365972165674627,-0.4552492349026737,2.0,1.0,0.0,0.0,0.0,0.0,0.0,0.0,0.0,0.0,0.0,0.0,0.0,0.0,1.0,1.0,0.0,0.0,0.0,0.0,0.0,1.0,0.0,0.0,0.0,0.0,0.0,0.0,1.0,0.0,5.91
-1.7671355786996066,1.4142715650069635,-0.15244513647234983,1.0432436952595985,-0.30480105978723115,-0.7365972165674627,1.4478418290347326,4.0,0.0,0.0,0.0,0.0,0.0,0.0,1.0,0.0,0.0,0.0,0.0,0.0,0.0,1.0,1.0,0.0,0.0,0.0,0.0,1.0,0.0,0.0,0.0,0.0,0.0,0.0,0.0,0.0,1.0,1.2
-0.5417934371132,0.31241596417210055,-0.7454825909970088,-0.11400350259443644,-1.6247936613633032,0.4300629711636118,-0.4552492349026737,1.0,0.0,0.0,0.0,0.0,0.0,1.0,0.0,0.0,0.0,0.0,0.0,0.0,0.0,1.0,0.0,1.0,0.0,0.0,0.0,0.0,1.0,0.0,0.0,0.0,0.0,0.0,0.0,0.0,1.0,1.43
-0.5417934371132,0.9375333712875524,-1.4071674679103743,-0.8442027595547281,-0.38244768340935303,-0.7365972165674627,-0.4552492349026737,2.0,0.0,0.0,0.0,0.0,0.0,0.0,0.0,1.0,0.0,0.0,1.0,0.0,0.0,0.0,1.0,0.0,0.0,0.0,1.0,0.0,0.0,0.0,0.0,0.0,0.0,0.0,1.0,0.0,0.0,1.62
0.37721316907660485,-0.15323721862272244,0.4615679193377472,0.3789468983137743,-0.6153875542757187,-0.7365972165674627,1.4478418290347326,3.0,0.0,0.0,0.0,0.0,0.0,0.0,0.0,0.0,1.0,0.0,0.0,0.0,0.0,1.0,0.0,1.0,0.0,0.0,0.0,0.0,1.0,0.0,0.0,0.0,0.0,0.0,0.0,0.0,1.0,5.51
0.6835487044732065,0.5800004069885252,-0.8351056146711534,-0.3011664890355225,-0.30480105978723115,-0.7365972165674627,-0.4552492349026737,2.0,0.0,0.0,0.0,0.0,0.0,1.0,0.0,0.0,0.0,0.0,0.0,0.0,0.0,1.0,0.0,1.0,0.0,0.0,0.0,1.0,0.0,0.0,0.0,0.0,0.0,0.0,0.0,0.0,1.0,6.08
-1.7671355786996066,0.8865202613112143,0.4215235896110017,0.692642607982636,1.0151915417888409,-0.7365972165674627,-0.4552492349026737,2.0,0.0,0.0,0.0,0.0,0.0,0.0,0.0,0.0,0.0,1.0,0.0,0.0,0.0,1.0,1.0,0.0,0.0,0.0,0.0,0.0,0.0,0.0,0.0,0.0,0.0,1.0,1.0,0.0,0.0,1.2
-0.8481289725098017,0.7270008876825028,0.16981637418574455,0.558201589553124,-1.08126729600845,0.4300629711636118,-0.4552492349026737,2.0,0.0,0.0,0.0,0.0,0.0,0.0,0.0,0.0,1.0,0.0,0.0,0.0,0.0,1.0,0.0,1.0,0.0,0.0,0.0,0.0,0.0,0.0,1.0,0.0,0.0,0.0,1.0,0.0,0.0,3.31
1.2962197752664097,-0.7172491923827337,1.8974431709681916,1.2963091417151513,-0.7706808015199624,-0.7365972165674627,-0.4552492349026737,2.0,0.0,0.0,0.0,0.0,0.0,0.0,0.0,0.0,1.0,0.0,0.0,1.0,0.0,0.0,0.0,1.0,0.0,0.0,0.0,1.0,0.0,0.0,0.0,0.0,0.0,0.0,0.0,0.0,1.0,9.13
-1.1544645079064033,0.3657177704338636,-0.3602942764826001,-0.9786437779842401,0.6269584236782315,-0.7365972165674627,-0.4552492349026737,2.0,0.0,0.0,0.0,0.0,0.0,0.0,1.0,0.0,0.0,0.0,0.0,0.0,1.0,0.0,0.0,1.0,0.0,0.0,0.0,0.0,0.0,0.0,1.0,0.0,0.0,0.0,0.0,1.0,0.0,3.4
0.9898842398698082,-0.1842587044191443,-0.3221568195999854,0.009893122232760686,0.08343205832337829,-0.7365972165674627,-0.4552492349026737,2.0,0.0,0.0,0.0,0.0,0.0,0.0,1.0,0.0,0.0,0.0,0.0,0.0,0.0,1.0,1.0,0.0,0.0,0.0,1.0,0.0,0.0,0.0,0.0,0.0,0.0,0.0,1.0,0.0,0.0,7.04
-0.5417934371132,0.9870574499456624,1.3577981560791932,0.6794621159797427,0.3940185528118658,-0.7365972165674627,-0.4552492349026737,4.0,0.0,0.0,0.0,0.0,0.0,0.0,0.0,0.0,1.0,0.0,0.0,0.0,1.0,0.0,0.0,1.0,1.0,0.0,0.0,0.0,0.0,0.0,0.0,0.0,0.0,0.0,0.0,0.0,1.0,5.24
-0.23545790171659844,1.4950653013478667,-0.020870910227329054,0.3473137175068306,-1.3918537904969375,-0.7365972165674627,-0.4552492349026737,3.0,0.0,1.0,0.0,0.0,0.0,0.0,0.0,0.0,0.0,0.0,0.0,1.0,0.0,0.0,1.0,0.0,0.0,0.0,0.0,1.0,0.0,0.0,0.0,0.0,0.0,0.0,0.0,1.0,0.0,3.68
-1.460800043303005,-1.944348871873017,4.694825633307982,5.242548447381418,-1.4695004141190595,0.4300629711636118,-0.4552492349026737,0.0,0.0,0.0,0.0,0.0,0.0,1.0,0.0,0.0,0.0,0.0,0.0,0.0,0.0,1.0,0.0,1.0,0.0,0.0,0.0,0.0,1.0,0.0,0.0,0.0,0.0,0.0,0.0,0.0,1.0,18.7
0.9898842398698082,-0.8815114065065426,-0.6348839660374261,-0.7862085947419973,1.3257780362773284,0.4300629711636118,-0.4552492349026737,3.0,0.0,0.0,0.0,0.0,0.0,1.0,0.0,0.0,0.0,0.0,0.0,0.0,0.0,1.0,0.0,1.0,0.0,1.0,0.0,0.0,0.0,0.0,0.0,0.0,0.0,0.0,0.0,0.0,1.0,8.44
-0.5417934371132,0.5202737063351476,0.030614656564200822,0.7110952967866864,-1.6247936613633032,-0.7365972165674627,1.4478418290347326,2.0,0.0,0.0,0.0,0.0,0.0,0.0,0.0,0.0,1.0,0.0,0.0,1.0,0.0,0.0,1.0,0.0,0.0,0.0,0.0,0.0,0.0,0.0,0.0,0.0,0.0,1.0,0.0,0.0,1.0,1.72
-1.460800043303005,1.0725664521276217,0.657975822283213,0.42903276792476913,-0.4600943070314749,-0.7365972165674627,-0.4552492349026737,2.0,0.0,0.0,0.0,0.0,0.0,1.0,0.0,0.0,0.0,0.0,0.0,0.0,0.0,1.0,0.0,1.0,0.0,0.0,0.0,0.0,0.0,0.0,0.0,1.0,0.0,0.0,0.0,1.0,0.0,1.2
-0.8481289725098017,0.6104428250500804,-1.4071674679103743,-2.6288413767464864,1.092838165410963,-0.7365972165674627,-0.4552492349026737,3.0,0.0,0.0,0.0,0.0,0.0,1.0,0.0,0.0,0.0,0.0,0.0,0.0,1.0,0.0,1.0,0.0,0.0,0.0,0.0,0.0,0.0,0.0,0.0,0.0,1.0,0.0,0.0,0.0,1.0,2.98
0.07087763368000322,-0.06599101323616356,-1.4071674679103743,-0.10609520739270088,0.937544918166719,0.4300629711636118,1.4478418290347326,3.0,0.0,0.0,0.0,0.0,0.0,1.0,0.0,0.0,0.0,0.0,0.0,0.0,0.0,1.0,0.0,1.0,0.0,0.0,1.0,0.0,0.0,0.0,0.0,0.0,0.0,0.0,0.0,0.0,1.0,5.25
0.37721316907660485,-0.22688911956693825,0.5206809775058,0.5133879167432862,1.2481314126552066,-0.7365972165674627,-0.4552492349026737,2.0,0.0,0.0,0.0,1.0,0.0,0.0,0.0,0.0,0.0,0.0,1.0,0.0,0.0,0.0,0.0,1.0,0.0,1.0,0.0,0.0,0.0,0.0,0.0,0.0,0.0,0.0,0.0,0.0,1.0,5.95
1.2962197752664097,-1.1061621129807193,0.0878208418881229,-0.6254065923066984,0.31637192918974394,-0.7365972165674627,-0.4552492349026737,3.0,0.0,0.0,0.0,1.0,0.0,0.0,0.0,0.0,0.0,0.0,0.0,0.0,0.0,1.0,0.0,1.0,0.0,0.0,0.0,1.0,0.0,0.0,0.0,0.0,0.0,0.0,0.0,0.0,1.0,8.65
1.2962197752664097,-0.8051571894662829,0.6427208395301671,-0.053373239381127514,-1.2365605432526938,-0.7365972165674627,-0.4552492349026737,3.0,0.0,0.0,0.0,0.0,0.0,0.0,0.0,0.0,1.0,0.0,0.0,0.0,0.0,1.0,1.0,0.0,0.0,0.0,0.0,0.0,0.0,0.0,0.0,0.0,1.0,0.0,0.0,0.0,1.0,8.59
0.6835487044732065,-0.6359039629610053,0.27088063492467357,-1.1816233548287975,1.092838165410963,0.4300629711636118,-0.4552492349026737,2.0,0.0,0.0,0.0,0.0,0.0,0.0,1.0,0.0,0.0,0.0,0.0,1.0,0.0,0.0,1.0,0.0,0.0,0.0,0.0,1.0,0.0,0.0,0.0,0.0,0.0,0.0,0.0,1.0,0.0,5.82
-0.8481289725098017,0.3136292489499162,-1.308010080015576,-1.6350322797283288,0.6269584236782315,0.4300629711636118,-0.4552492349026737,3.0,0.0,0.0,0.0,1.0,0.0,0.0,0.0,0.0,0.0,0.0,0.0,0.0,0.0,1.0,0.0,1.0,0.0,1.0,0.0,0.0,0.0,0.0,0.0,0.0,0.0,0.0,0.0,0.0,1.0,1.95
0.07087763368000322,0.43719127370881955,-1.3823781209366746,-0.7018534459234799,0.937544918166719,-0.7365972165674627,-0.4552492349026737,1.0,0.0,0.0,0.0,1.0,0.0,0.0,0.0,0.0,0.0,0.0,0.0,0.0,0.0,1.0,0.0,1.0,1.0,0.0,0.0,0.0,0.0,0.0,0.0,0.0,0.0,0.0,0.0,0.0,1.0,3.92
-1.1544645079064033,0.6455177849905681,0.8887074364230321,0.04416240144028368,-1.158913919630572,0.4300629711636118,-0.4552492349026737,4.0,0.0,0.0,0.0,0.0,0.0,0.0,0.0,0.0,1.0,0.0,0.0,0.0,0.0,1.0,0.0,1.0,0.0,0.0,0.0,0.0,0.0,0.0,0.0,0.0,1.0,0.0,0.0,1.0,0.0,2.57
-0.5417934371132,0.558767923376752,-0.25350939721127885,-0.042828845778812685,1.4034246598994504,-0.7365972165674627,-0.4552492349026737,4.0,0.0,0.0,0.0,0.0,0.0,1.0,0.0,0.0,0.0,0.0,0.0,0.0,0.0,1.0,1.0,0.0,0.0,0.0,0.0,0.0,0.0,1.0,0.0,0.0,0.0,0.0,0.0,0.0,1.0,4.05
0.37721316907660485,0.34340987531448114,0.7704813200869265,-0.053373239381127514,0.08343205832337829,-0.7365972165674627,-0.4552492349026737,3.0,0.0,0.0,0.0,1.0,0.0,0.0,0.0,0.0,0.0,0.0,0.0,1.0,0.0,0.0,0.0,1.0,0.0,0.0,1.0,0.0,0.0,0.0,0.0,0.0,0.0,0.0,1.0,0.0,0.0,5.93
0.9898842398698082,-0.949069308907639,-0.11430767958973513,0.7506367727953664,-0.22715443616510927,1.5967231588946864,1.4478418290347326,1.0,0.0,0.0,0.0,1.0,0.0,0.0,0.0,0.0,0.0,0.0,0.0,0.0,0.0,1.0,0.0,1.0,0.0,0.0,0.0,1.0,0.0,0.0,0.0,0.0,0.0,0.0,0.0,0.0,1.0,6.26
0.07087763368000322,0.33737102607944436,-1.2469901490033923,0.3077722414981505,-1.2365605432526938,-0.7365972165674627,1.4478418290347326,2.0,0.0,0.0,0.0,0.0,0.0,1.0,0.0,0.0,0.0,0.0,0.0,0.0,0.0,1.0,0.0,1.0,0.0,0.0,0.0,0.0,1.0,0.0,0.0,0.0,0.0,0.0,0.0,1.0,0.0,2.64
1.2962197752664097,-0.372538442212894,-0.7359482267763551,0.8613529056196709,-0.8483274251420844,0.4300629711636118,-0.4552492349026737,3.0,0.0,0.0,0.0,0.0,0.0,1.0,0.0,0.0,0.0,0.0,0.0,1.0,0.0,0.0,0.0,1.0,0.0,1.0,0.0,0.0,0.0,0.0,0.0,0.0,0.0,0.0,0.0,0.0,1.0,7.92
-0.23545790171659844,0.11032132470367763,0.003918436746370516,-0.5410514434881812,-0.6153875542757187,-0.7365972165674627,-0.4552492349026737,3.0,0.0,0.0,0.0,0.0,0.0,1.0,0.0,0.0,0.0,0.0,0.0,0.0,0.0,1.0,0.0,1.0,0.0,0.0,0.0,0.0,0.0,0.0,0.0,1.0,0.0,0.0,1.0,0.0,0.0,4.25
0.07087763368000322,-0.003892892335237323,-0.13719015371930396,-1.4795024740941871,1.558717907143694,0.4300629711636118,-0.4552492349026737,4.0,1.0,0.0,0.0,0.0,0.0,0.0,0.0,0.0,0.0,0.0,0.0,1.0,0.0,0.0,0.0,1.0,1.0,0.0,0.0,0.0,0.0,0.0,0.0,0.0,0.0,0.0,0.0,0.0,1.0,5.57
1.2962197752664097,-0.6909705470814091,-0.01896403738319832,-0.31434698103841585,0.8598982945445971,1.5967231588946864,-0.4552492349026737,1.0,0.0,0.0,0.0,0.0,0.0,0.0,0.0,0.0,1.0,0.0,0.0,0.0,0.0,1.0,1.0,0.0,0.0,0.0,0.0,0.0,0.0,0.0,0.0,1.0,0.0,0.0,0.0,0.0,1.0,7.97
0.07087763368000322,-0.9261547713993488,-0.8446399788918071,-0.42769921226329816,-1.5471470377411813,-0.7365972165674627,-0.4552492349026737,2.0,0.0,0.0,0.0,1.0,0.0,0.0,0.0,0.0,0.0,0.0,0.0,1.0,0.0,0.0,0.0,1.0,0.0,0.0,0.0,1.0,0.0,0.0,0.0,0.0,0.0,0.0,0.0,1.0,0.0,4.27
-0.5417934371132,0.06446467503305581,-0.16197950069300354,1.0880573680694363,-0.5377409306535968,-0.7365972165674627,1.4478418290347326,0.0,0.0,0.0,0.0,0.0,0.0,0.0,0.0,0.0,1.0,0.0,0.0,1.0,0.0,0.0,0.0,1.0,0.0,0.0,0.0,0.0,0.0,0.0,0.0,1.0,0.0,0.0,0.0,0.0,1.0,2.96
-0.8481289725098017,0.3469394310317629,-0.9495179853189976,-0.7993890867448906,-1.4695004141190595,1.5967231588946864,-0.4552492349026737,0.0,0.0,0.0,0.0,0.0,0.0,0.0,1.0,0.0,0.0,0.0,0.0,0.0,0.0,1.0,0.0,1.0,0.0,0.0,0.0,0.0,0.0,0.0,0.0,1.0,0.0,0.0,0.0,0.0,1.0,1.2
-0.8481289725098017,1.064156182645036,-0.7016245155820019,-0.5542319354910745,0.6269584236782315,0.4300629711636118,-0.4552492349026737,0.0,0.0,0.0,0.0,0.0,0.0,0.0,0.0,0.0,0.0,1.0,1.0,0.0,0.0,0.0,0.0,1.0,0.0,0.0,0.0,0.0,0.0,0.0,1.0,0.0,0.0,0.0,0.0,1.0,0.0,1.71
-0.5417934371132,0.6554998097535056,-1.4071674679103743,-1.5216800485034456,-1.4695004141190595,-0.7365972165674627,-0.4552492349026737,2.0,0.0,0.0,0.0,0.0,0.0,0.0,0.0,1.0,0.0,0.0,0.0,0.0,1.0,0.0,1.0,0.0,0.0,0.0,0.0,0.0,0.0,0.0,0.0,0.0,0.0,1.0,0.0,0.0,1.0,3.36
-1.7671355786996066,1.7011031163441903,1.8097270201381777,1.7971678378250984,0.3940185528118658,-0.7365972165674627,-0.4552492349026737,2.0,0.0,0.0,0.0,0.0,0.0,0.0,0.0,0.0,0.0,1.0,0.0,1.0,0.0,0.0,0.0,1.0,0.0,0.0,0.0,0.0,0.0,1.0,0.0,0.0,0.0,0.0,0.0,0.0,1.0,1.2
1.6025553106630115,-1.0462975390571354,0.7361576088925732,0.6478289351727982,-1.08126729600845,2.763383346625761,-0.4552492349026737,2.0,0.0,0.0,0.0,0.0,0.0,0.0,1.0,0.0,0.0,0.0,0.0,0.0,1.0,0.0,0.0,1.0,0.0,0.0,0.0,0.0,0.0,0.0,0.0,1.0,0.0,0.0,0.0,1.0,0.0,8.55
-1.1544645079064033,0.7442901957663752,-1.2222008020296928,-0.6227704939061198,1.4810712835215722,-0.7365972165674627,-0.4552492349026737,2.0,0.0,0.0,0.0,0.0,0.0,0.0,0.0,0.0,0.0,1.0,0.0,0.0,0.0,1.0,1.0,0.0,0.0,0.0,0.0,0.0,0.0,1.0,0.0,0.0,0.0,0.0,0.0,1.0,0.0,2.11
-1.7671355786996066,1.072483728165498,0.49970537622036193,-0.15354497860311647,-0.9259740487642062,0.4300629711636118,-0.4552492349026737,3.0,0.0,0.0,0.0,0.0,0.0,0.0,1.0,0.0,0.0,0.0,0.0,0.0,0.0,1.0,0.0,1.0,0.0,0.0,0.0,0.0,0.0,0.0,0.0,1.0,0.0,0.0,0.0,0.0,1.0,1.2
-1.460800043303005,2.1431248206256504,-0.011336546006675373,0.05734289344317702,-0.7706808015199624,-0.7365972165674627,-0.4552492349026737,3.0,1.0,0.0,0.0,0.0,0.0,0.0,0.0,0.0,0.0,0.0,0.0,1.0,0.0,0.0,0.0,1.0,0.0,0.0,0.0,1.0,0.0,0.0,0.0,0.0,0.0,0.0,1.0,0.0,0.0,1.2
0.9898842398698082,-0.8304982965302043,0.36241053144294894,-0.03228445217649786,0.08343205832337829,-0.7365972165674627,-0.4552492349026737,4.0,0.0,0.0,0.0,0.0,0.0,0.0,0.0,0.0,1.0,0.0,0.0,0.0,0.0,1.0,1.0,0.0,0.0,0.0,0.0,0.0,0.0,0.0,0.0,0.0,1.0,0.0,1.0,0.0,0.0,9.31
-0.8481289725098017,1.0100547114160765,0.2308363051979281,1.00106612085034,0.7822516709224753,1.5967231588946864,-0.4552492349026737,2.0,0.0,1.0,0.0,0.0,0.0,0.0,0.0,0.0,0.0,0.0,0.0,0.0,0.0,1.0,1.0,0.0,0.0,0.0,1.0,0.0,0.0,0.0,0.0,0.0,0.0,0.0,0.0,0.0,1.0,3.66
-1.1544645079064033,0.2191033348964636,0.24799816079510476,-1.0102769587911842,-1.2365605432526938,0.4300629711636118,-0.4552492349026737,3.0,0.0,0.0,0.0,0.0,0.0,0.0,0.0,0.0,0.0,1.0,0.0,1.0,0.0,0.0,1.0,0.0,0.0,0.0,0.0,0.0,0.0,0.0,0.0,1.0,0.0,0.0,0.0,1.0,0.0,2.06
0.07087763368000322,-0.05338939633930597,0.3147387103396805,-0.9417384003761385,0.5493118000561096,0.4300629711636118,-0.4552492349026737,2.0,0.0,0.0,0.0,0.0,0.0,0.0,0.0,0.0,1.0,0.0,0.0,0.0,0.0,1.0,0.0,1.0,1.0,0.0,0.0,0.0,0.0,0.0,0.0,0.0,0.0,0.0,0.0,0.0,1.0,5.07
-1.460800043303005,1.6638497587344427,-1.0505822460579266,-0.1930864546117965,-1.3918537904969375,-0.7365972165674627,-0.4552492349026737,3.0,0.0,0.0,0.0,1.0,0.0,0.0,0.0,0.0,0.0,0.0,0.0,1.0,0.0,0.0,1.0,0.0,0.0,0.0,0.0,0.0,0.0,0.0,0.0,0.0,1.0,0.0,0.0,0.0,1.0,1.2
0.37721316907660485,-0.7776928340411841,0.6255589839329905,0.29722784789583573,0.3940185528118658,-0.7365972165674627,-0.4552492349026737,3.0,0.0,0.0,0.0,0.0,0.0,0.0,0.0,1.0,0.0,0.0,0.0,1.0,0.0,0.0,0.0,1.0,1.0,0.0,0.0,0.0,0.0,0.0,0.0,0.0,0.0,0.0,0.0,1.0,0.0,6.56
0.9898842398698082,-0.2847958930535924,-0.2725781256525862,-0.17726986420832463,-1.3918537904969375,1.5967231588946864,1.4478418290347326,3.0,0.0,0.0,0.0,0.0,0.0,0.0,0.0,0.0,0.0,1.0,0.0,1.0,0.0,0.0,0.0,1.0,0.0,0.0,0.0,0.0,0.0,0.0,0.0,1.0,0.0,0.0,0.0,1.0,0.0,6.55
-0.23545790171659844,0.24830489352616203,-0.7664581922824469,-1.4030556204774056,0.3940185528118658,0.4300629711636118,-0.4552492349026737,2.0,0.0,0.0,0.0,0.0,1.0,0.0,0.0,0.0,0.0,0.0,0.0,0.0,0.0,1.0,0.0,1.0,0.0,1.0,0.0,0.0,0.0,0.0,0.0,0.0,0.0,0.0,0.0,0.0,1.0,2.62
-0.8481289725098017,1.9450560806472519,0.9344723846821698,0.7084591983861079,-0.6930341778978406,1.5967231588946864,3.350932892972139,1.0,0.0,0.0,0.0,0.0,0.0,0.0,1.0,0.0,0.0,0.0,0.0,0.0,0.0,1.0,0.0,1.0,0.0,1.0,0.0,0.0,0.0,0.0,0.0,0.0,0.0,0.0,0.0,0.0,1.0,1.2
-1.7671355786996066,1.0604060296954243,-0.8408262332035455,-0.5647763290933894,-0.38244768340935303,0.4300629711636118,-0.4552492349026737,2.0,0.0,0.0,0.0,0.0,1.0,0.0,0.0,0.0,0.0,0.0,0.0,0.0,0.0,1.0,0.0,1.0,0.0,0.0,0.0,0.0,0.0,0.0,0.0,0.0,0.0,1.0,0.0,0.0,1.0,1.2
1.2962197752664097,-0.027993139967301947,-0.5624227979604581,-0.1930864546117965,-1.0036206723863281,-0.7365972165674627,-0.4552492349026737,1.0,0.0,0.0,0.0,1.0,0.0,0.0,0.0,0.0,0.0,0.0,0.0,1.0,0.0,0.0,0.0,1.0,0.0,0.0,0.0,0.0,0.0,0.0,0.0,0.0,0.0,1.0,1.0,0.0,0.0,7.63
0.9898842398698082,-0.5713241231963653,-0.5605159251163274,-0.5885012146985968,-0.4600943070314749,0.4300629711636118,1.4478418290347326,1.0,0.0,0.0,0.0,1.0,0.0,0.0,0.0,0.0,0.0,0.0,0.0,0.0,0.0,1.0,0.0,1.0,0.0,0.0,1.0,0.0,0.0,0.0,0.0,0.0,0.0,0.0,0.0,0.0,1.0,6.65
-0.5417934371132,0.03755181268878227,1.7830308003203474,0.821811429610991,-0.4600943070314749,0.4300629711636118,-0.4552492349026737,1.0,0.0,1.0,0.0,0.0,0.0,0.0,0.0,0.0,0.0,0.0,0.0,1.0,0.0,0.0,0.0,1.0,1.0,0.0,0.0,0.0,0.0,0.0,0.0,0.0,0.0,0.0,0.0,0.0,1.0,3.4
-1.7671355786996066,2.2085870493196107,-0.28973998124976286,-0.5067821642806583,1.3257780362773284,0.4300629711636118,-0.4552492349026737,1.0,0.0,0.0,0.0,1.0,0.0,0.0,0.0,0.0,0.0,0.0,0.0,0.0,0.0,1.0,1.0,0.0,0.0,0.0,0.0,0.0,0.0,0.0,0.0,1.0,0.0,0.0,0.0,1.0,0.0,1.2
0.37721316907660485,-0.17347701468901014,0.383386132728387,1.333214519323252,-1.3918537904969375,-0.7365972165674627,-0.4552492349026737,2.0,0.0,1.0,0.0,0.0,0.0,0.0,0.0,0.0,0.0,0.0,1.0,0.0,0.0,0.0,1.0,0.0,1.0,0.0,0.0,0.0,0.0,0.0,0.0,0.0,0.0,0.0,0.0,1.0,0.0,5.84
0.07087763368000322,-1.140933751726753,-0.21155819464040268,0.08633997584954223,-1.08126729600845,0.4300629711636118,-0.4552492349026737,2.0,0.0,0.0,0.0,0.0,0.0,0.0,0.0,0.0,0.0,1.0,0.0,1.0,0.0,0.0,0.0,1.0,0.0,1.0,0.0,0.0,0.0,0.0,0.0,0.0,0.0,0.0,0.0,0.0,1.0,4.81
0.9898842398698082,-0.9950086825403847,-0.38317675061216894,0.05734289344317702,-0.6153875542757187,0.4300629711636118,-0.4552492349026737,2.0,0.0,0.0,0.0,1.0,0.0,0.0,0.0,0.0,0.0,0.0,1.0,0.0,0.0,0.0,0.0,1.0,0.0,0.0,0.0,1.0,0.0,0.0,0.0,0.0,0.0,0.0,0.0,1.0,0.0,7.27
-1.7671355786996066,1.061729613089405,-0.7454825909970088,-0.7229422331281091,-0.07186118892086549,-0.7365972165674627,-0.4552492349026737,2.0,0.0,0.0,0.0,0.0,0.0,0.0,0.0,0.0,1.0,0.0,0.0,1.0,0.0,0.0,0.0,1.0,0.0,0.0,0.0,0.0,0.0,0.0,0.0,0.0,0.0,1.0,0.0,0.0,1.0,1.2
0.6835487044732065,-0.1931928923285138,0.5416565787912381,-0.6939451507217439,-0.8483274251420844,-0.7365972165674627,-0.4552492349026737,4.0,0.0,0.0,0.0,0.0,1.0,0.0,0.0,0.0,0.0,0.0,0.0,1.0,0.0,0.0,0.0,1.0,0.0,0.0,1.0,0.0,0.0,0.0,0.0,0.0,0.0,0.0,0.0,0.0,1.0,6.0
0.07087763368000322,0.04687204575472946,-0.15244513647234983,0.33676932390451575,-1.08126729600845,-0.7365972165674627,-0.4552492349026737,2.0,0.0,0.0,1.0,0.0,0.0,0.0,0.0,0.0,0.0,0.0,0.0,1.0,0.0,0.0,1.0,0.0,1.0,0.0,0.0,0.0,0.0,0.0,0.0,0.0,0.0,0.0,0.0,0.0,1.0,5.39
-1.1544645079064033,1.5539923370340476,-1.3041963343273144,-2.5576667199308627,-1.7024402849854252,-0.7365972165674627,-0.4552492349026737,2.0,0.0,0.0,0.0,0.0,0.0,0.0,0.0,0.0,0.0,1.0,0.0,1.0,0.0,0.0,0.0,1.0,0.0,0.0,0.0,1.0,0.0,0.0,0.0,0.0,0.0,0.0,0.0,0.0,1.0,1.2
-1.1544645079064033,0.21011399767901157,-1.048675373213796,-0.5436875418887598,-0.30480105978723115,1.5967231588946864,1.4478418290347326,2.0,0.0,0.0,0.0,0.0,0.0,0.0,0.0,0.0,1.0,0.0,0.0,1.0,0.0,0.0,0.0,1.0,0.0,0.0,0.0,0.0,0.0,0.0,1.0,0.0,0.0,0.0,0.0,1.0,0.0,2.33
-1.7671355786996066,0.7161916232983274,0.11642393455008394,0.2576863718871557,-0.4600943070314749,-0.7365972165674627,-0.4552492349026737,2.0,0.0,0.0,1.0,0.0,0.0,0.0,0.0,0.0,0.0,0.0,0.0,1.0,0.0,0.0,1.0,0.0,0.0,0.0,0.0,1.0,0.0,0.0,0.0,0.0,0.0,0.0,0.0,1.0,0.0,1.2
-0.23545790171659844,-0.3881181217462081,-0.4518241730008754,0.20760050227616084,0.16107868194550018,2.763383346625761,-0.4552492349026737,2.0,0.0,0.0,0.0,0.0,0.0,0.0,0.0,0.0,1.0,0.0,0.0,0.0,0.0,1.0,0.0,1.0,0.0,1.0,0.0,0.0,0.0,0.0,0.0,0.0,0.0,0.0,0.0,0.0,1.0,2.74
0.9898842398698082,-0.09560619167648096,0.7209026261395273,0.2524141750859979,-1.0036206723863281,-0.7365972165674627,-0.4552492349026737,3.0,1.0,0.0,0.0,0.0,0.0,0.0,0.0,0.0,0.0,0.0,0.0,0.0,0.0,1.0,0.0,1.0,1.0,0.0,0.0,0.0,0.0,0.0,0.0,0.0,0.0,0.0,1.0,0.0,0.0,6.83
-0.8481289725098017,0.562738673558694,-0.42894169887130656,-0.24317232422279136,0.23872530556762206,-0.7365972165674627,-0.4552492349026737,2.0,1.0,0.0,0.0,0.0,0.0,0.0,0.0,0.0,0.0,0.0,0.0,0.0,0.0,1.0,0.0,1.0,0.0,0.0,0.0,0.0,0.0,0.0,0.0,1.0,0.0,0.0,1.0,0.0,0.0,2.26
-0.5417934371132,0.2516138520111137,-0.3221568195999854,0.08633997584954223,0.4716651764339877,-0.7365972165674627,-0.4552492349026737,4.0,0.0,0.0,0.0,0.0,1.0,0.0,0.0,0.0,0.0,0.0,0.0,1.0,0.0,0.0,0.0,1.0,0.0,0.0,0.0,1.0,0.0,0.0,0.0,0.0,0.0,0.0,0.0,0.0,1.0,5.83
-0.8481289725098017,0.9627641797353089,-1.191690836523601,-0.09027861698922902,-1.158913919630572,-0.7365972165674627,-0.4552492349026737,2.0,1.0,0.0,0.0,0.0,0.0,0.0,0.0,0.0,0.0,0.0,0.0,0.0,0.0,1.0,0.0,1.0,1.0,0.0,0.0,0.0,0.0,0.0,0.0,0.0,0.0,0.0,1.0,0.0,0.0,2.22
-1.460800043303005,-1.9457276045750804,0.49970537622036193,-0.16145327380485278,0.3940185528118658,-0.7365972165674627,-0.4552492349026737,2.0,0.0,1.0,0.0,0.0,0.0,0.0,0.0,0.0,0.0,0.0,1.0,0.0,0.0,0.0,1.0,0.0,0.0,0.0,0.0,0.0,0.0,0.0,0.0,0.0,0.0,1.0,0.0,1.0,0.0,16.9
-0.23545790171659844,0.2135332547801283,0.09926207895290733,-0.7598476107362107,-1.6247936613633032,0.4300629711636118,1.4478418290347326,2.0,0.0,0.0,0.0,0.0,0.0,0.0,0.0,0.0,0.0,1.0,0.0,0.0,0.0,1.0,0.0,1.0,0.0,1.0,0.0,0.0,0.0,0.0,0.0,0.0,0.0,0.0,0.0,1.0,0.0,3.12
0.37721316907660485,-0.4369528340532864,-0.8904049271509448,-1.113084796413752,0.23872530556762206,-0.7365972165674627,3.350932892972139,3.0,0.0,0.0,0.0,0.0,0.0,0.0,0.0,1.0,0.0,0.0,0.0,0.0,0.0,1.0,1.0,0.0,0.0,0.0,0.0,0.0,1.0,0.0,0.0,0.0,0.0,0.0,0.0,0.0,1.0,4.78
0.07087763368000322,-0.6268594764354707,0.7762019386193186,0.39212739031666766,-1.7024402849854252,-0.7365972165674627,-0.4552492349026737,2.0,0.0,1.0,0.0,0.0,0.0,0.0,0.0,0.0,0.0,0.0,0.0,0.0,1.0,0.0,0.0,1.0,0.0,0.0,0.0,0.0,1.0,0.0,0.0,0.0,0.0,0.0,0.0,0.0,1.0,6.21
-1.7671355786996066,0.768087122203986,-0.7492963366852703,-0.9839159747853975,-1.0036206723863281,1.5967231588946864,-0.4552492349026737,3.0,0.0,0.0,0.0,0.0,0.0,0.0,1.0,0.0,0.0,0.0,0.0,0.0,0.0,1.0,1.0,0.0,0.0,0.0,0.0,0.0,0.0,0.0,0.0,1.0,0.0,0.0,0.0,0.0,1.0,1.2
-0.5417934371132,0.9506864812652354,0.13167891730312983,-0.1271839945973298,-1.6247936613633032,0.4300629711636118,1.4478418290347326,2.0,0.0,0.0,0.0,0.0,0.0,1.0,0.0,0.0,0.0,0.0,1.0,0.0,0.0,0.0,0.0,1.0,0.0,1.0,0.0,0.0,0.0,0.0,0.0,0.0,0.0,0.0,1.0,0.0,0.0,2.37
-0.5417934371132,0.4886731528038592,-1.4071674679103743,-2.381048127092092,-1.6247936613633032,1.5967231588946864,-0.4552492349026737,4.0,0.0,1.0,0.0,0.0,0.0,0.0,0.0,0.0,0.0,0.0,0.0,0.0,0.0,1.0,0.0,1.0,0.0,0.0,0.0,1.0,0.0,0.0,0.0,0.0,0.0,0.0,0.0,0.0,1.0,2.71
-1.460800043303005,0.601618935756876,-0.21155819464040268,0.007257023832182168,-0.22715443616510927,0.4300629711636118,-0.4552492349026737,1.0,0.0,0.0,1.0,0.0,0.0,0.0,0.0,0.0,0.0,0.0,0.0,1.0,0.0,0.0,0.0,1.0,0.0,0.0,0.0,0.0,1.0,0.0,0.0,0.0,0.0,0.0,0.0,0.0,1.0,1.2
0.07087763368000322,-0.34559800521457923,0.5683527986090684,-0.5647763290933894,-1.08126729600845,-0.7365972165674627,-0.4552492349026737,1.0,0.0,0.0,0.0,0.0,0.0,0.0,0.0,0.0,1.0,0.0,0.0,1.0,0.0,0.0,0.0,1.0,0.0,0.0,0.0,0.0,1.0,0.0,0.0,0.0,0.0,0.0,0.0,0.0,1.0,6.45
1.2962197752664097,-0.7146296002488136,0.40626860685795585,1.074876876066543,-1.2365605432526938,0.4300629711636118,-0.4552492349026737,2.0,0.0,1.0,0.0,0.0,0.0,0.0,0.0,0.0,0.0,0.0,0.0,0.0,1.0,0.0,1.0,0.0,1.0,0.0,0.0,0.0,0.0,0.0,0.0,0.0,0.0,0.0,0.0,0.0,1.0,9.76
0.37721316907660485,-0.9269544363665454,0.22320881382140517,-0.2853498986320499,0.23872530556762206,0.4300629711636118,1.4478418290347326,2.0,0.0,0.0,0.0,1.0,0.0,0.0,0.0,0.0,0.0,0.0,1.0,0.0,0.0,0.0,1.0,0.0,0.0,0.0,0.0,0.0,1.0,0.0,0.0,0.0,0.0,0.0,0.0,1.0,0.0,5.02
-0.5417934371132,0.4528812518582987,-1.243176403315131,-0.1377283881996446,-0.14950781254298737,-0.7365972165674627,-0.4552492349026737,1.0,1.0,0.0,0.0,0.0,0.0,0.0,0.0,0.0,0.0,0.0,0.0,0.0,0.0,1.0,0.0,1.0,0.0,0.0,0.0,0.0,1.0,0.0,0.0,0.0,0.0,0.0,1.0,0.0,0.0,3.79
-0.23545790171659844,-0.016963278350796397,1.3940287401176772,-0.06128153458286307,-0.8483274251420844,1.5967231588946864,-0.4552492349026737,4.0,0.0,0.0,0.0,0.0,0.0,0.0,0.0,1.0,0.0,0.0,0.0,0.0,0.0,1.0,0.0,1.0,0.0,0.0,0.0,0.0,0.0,0.0,0.0,1.0,0.0,0.0,0.0,0.0,1.0,3.82
1.2962197752664097,-1.0127943343969998,-0.8560812159565915,0.10215656625301409,-0.6153875542757187,-0.7365972165674627,1.4478418290347326,2.0,0.0,0.0,0.0,0.0,0.0,1.0,0.0,0.0,0.0,0.0,0.0,0.0,0.0,1.0,0.0,1.0,0.0,1.0,0.0,0.0,0.0,0.0,0.0,0.0,0.0,0.0,0.0,0.0,1.0,7.84
0.07087763368000322,-0.16994745897172836,-0.8141300133857153,-0.5515958370904961,0.005785434701256396,-0.7365972165674627,1.4478418290347326,3.0,0.0,0.0,0.0,0.0,0.0,0.0,1.0,0.0,0.0,0.0,0.0,0.0,0.0,1.0,1.0,0.0,0.0,0.0,0.0,0.0,1.0,0.0,0.0,0.0,0.0,0.0,0.0,0.0,1.0,6.32
-0.23545790171659844,-0.04426218585164763,0.10116895179703805,0.2840473558929424,1.4810712835215722,0.4300629711636118,-0.4552492349026737,3.0,0.0,0.0,0.0,0.0,0.0,0.0,0.0,0.0,1.0,0.0,0.0,0.0,0.0,1.0,1.0,0.0,0.0,1.0,0.0,0.0,0.0,0.0,0.0,0.0,0.0,0.0,1.0,0.0,0.0,4.63
-1.460800043303005,1.4730607274229381,1.2185964384576495,0.42639666952419064,-0.4600943070314749,-0.7365972165674627,-0.4552492349026737,2.0,0.0,0.0,0.0,0.0,1.0,0.0,0.0,0.0,0.0,0.0,0.0,0.0,0.0,1.0,1.0,0.0,0.0,0.0,0.0,0.0,0.0,1.0,0.0,0.0,0.0,0.0,0.0,0.0,1.0,1.62
0.37721316907660485,-0.9718735477997642,0.6903926606334355,1.0775129744671215,0.6269584236782315,-0.7365972165674627,-0.4552492349026737,3.0,0.0,1.0,0.0,0.0,0.0,0.0,0.0,0.0,0.0,0.0,0.0,0.0,0.0,1.0,1.0,0.0,1.0,0.0,0.0,0.0,0.0,0.0,0.0,0.0,0.0,0.0,0.0,1.0,0.0,7.4
-1.460800043303005,0.8457649226382263,0.8848936907347706,0.5081157199421292,-1.5471470377411813,0.4300629711636118,-0.4552492349026737,2.0,0.0,0.0,0.0,0.0,0.0,1.0,0.0,0.0,0.0,0.0,0.0,0.0,0.0,1.0,1.0,0.0,1.0,0.0,0.0,0.0,0.0,0.0,0.0,0.0,0.0,0.0,0.0,0.0,1.0,1.2
-1.7671355786996066,2.3877120019716607,0.8562905980728096,0.7954504456052043,0.937544918166719,1.5967231588946864,-0.4552492349026737,0.0,0.0,0.0,0.0,1.0,0.0,0.0,0.0,0.0,0.0,0.0,0.0,1.0,0.0,0.0,1.0,0.0,0.0,0.0,1.0,0.0,0.0,0.0,0.0,0.0,0.0,0.0,0.0,1.0,0.0,1.2
-1.7671355786996066,1.299698877465512,-0.6367908388815569,0.5133879167432862,-0.6153875542757187,0.4300629711636118,1.4478418290347326,1.0,0.0,0.0,1.0,0.0,0.0,0.0,0.0,0.0,0.0,0.0,0.0,0.0,0.0,1.0,1.0,0.0,0.0,0.0,0.0,0.0,0.0,0.0,0.0,0.0,1.0,0.0,0.0,1.0,0.0,1.2
-0.23545790171659844,0.0333328906204689,-0.42703482602717585,-0.34070796504420253,0.4716651764339877,0.4300629711636118,-0.4552492349026737,2.0,0.0,0.0,0.0,0.0,0.0,0.0,1.0,0.0,0.0,0.0,0.0,0.0,0.0,1.0,1.0,0.0,0.0,1.0,0.0,0.0,0.0,0.0,0.0,0.0,0.0,0.0,0.0,0.0,1.0,4.01
-1.1544645079064033,0.5570858694802349,0.08019335051159997,-0.9786437779842401,1.0151915417888409,-0.7365972165674627,-0.4552492349026737,3.0,0.0,0.0,0.0,0.0,0.0,1.0,0.0,0.0,0.0,0.0,1.0,0.0,0.0,0.0,1.0,0.0,0.0,0.0,0.0,0.0,0.0,1.0,0.0,0.0,0.0,0.0,1.0,0.0,0.0,2.65
1.2962197752664097,-1.0231348296624738,0.05159025784963892,0.9694329400433962,1.4810712835215722,2.763383346625761,1.4478418290347326,2.0,0.0,0.0,0.0,0.0,0.0,0.0,0.0,0.0,1.0,0.0,0.0,0.0,0.0,1.0,0.0,1.0,0.0,0.0,0.0,0.0,0.0,1.0,0.0,0.0,0.0,0.0,0.0,0.0,1.0,9.07
0.07087763368000322,0.24579560000840703,-0.6978107698937404,-0.8969247275663015,-0.5377409306535968,1.5967231588946864,-0.4552492349026737,2.0,1.0,0.0,0.0,0.0,0.0,0.0,0.0,0.0,0.0,0.0,0.0,1.0,0.0,0.0,1.0,0.0,0.0,0.0,0.0,0.0,0.0,0.0,0.0,0.0,0.0,1.0,0.0,0.0,1.0,4.35
-0.5417934371132,0.6987644419442486,0.484450393467316,-0.48569337707602933,0.08343205832337829,0.4300629711636118,-0.4552492349026737,2.0,1.0,0.0,0.0,0.0,0.0,0.0,0.0,0.0,0.0,0.0,0.0,0.0,0.0,1.0,1.0,0.0,0.0,1.0,0.0,0.0,0.0,0.0,0.0,0.0,0.0,0.0,0.0,1.0,0.0,4.02
-0.8481289725098017,1.1255373625408895,1.0736741023037135,0.8877138896254576,0.7822516709224753,1.5967231588946864,-0.4552492349026737,2.0,0.0,0.0,0.0,0.0,1.0,0.0,0.0,0.0,0.0,0.0,0.0,0.0,0.0,1.0,0.0,1.0,0.0,0.0,1.0,0.0,0.0,0.0,0.0,0.0,0.0,0.0,1.0,0.0,0.0,1.39
-1.7671355786996066,1.7809317397936493,-1.3995399765338512,0.19178391187268898,0.8598982945445971,0.4300629711636118,1.4478418290347326,2.0,0.0,0.0,0.0,0.0,0.0,0.0,0.0,0.0,0.0,1.0,0.0,0.0,0.0,1.0,0.0,1.0,0.0,0.0,0.0,0.0,0.0,1.0,0.0,0.0,0.0,0.0,0.0,1.0,0.0,1.2
1.6025553106630115,-1.2517838609726337,-0.0761702227071204,0.5502932943513877,1.0151915417888409,1.5967231588946864,-0.4552492349026737,2.0,0.0,1.0,0.0,0.0,0.0,0.0,0.0,0.0,0.0,0.0,0.0,0.0,1.0,0.0,0.0,1.0,0.0,0.0,0.0,0.0,0.0,0.0,0.0,0.0,0.0,1.0,0.0,0.0,1.0,9.93
1.6025553106630115,-1.8326715230058985,1.0679534837713214,1.00106612085034,-1.158913919630572,-0.7365972165674627,-0.4552492349026737,3.0,1.0,0.0,0.0,0.0,0.0,0.0,0.0,0.0,0.0,0.0,0.0,1.0,0.0,0.0,0.0,1.0,0.0,0.0,0.0,0.0,0.0,0.0,0.0,1.0,0.0,0.0,0.0,0.0,1.0,9.81
-1.1544645079064033,1.0679339102486893,-0.3278774381323776,0.7242757887895798,0.3940185528118658,-0.7365972165674627,-0.4552492349026737,3.0,0.0,0.0,0.0,0.0,1.0,0.0,0.0,0.0,0.0,0.0,0.0,0.0,0.0,1.0,1.0,0.0,1.0,0.0,0.0,0.0,0.0,0.0,0.0,0.0,0.0,0.0,0.0,1.0,0.0,2.29
